"piece_id","name","affinity","role","tier","level","kind","n_matches","n_pair_games","n_pair_wins","n_team_wins","n_team_draws","n_team_timeouts","mean_duration_ticks","win_rate","expected_wr","wr_delta","expected_power","timeout_rate","own_weather_wr","counter_weather_wr","weather_sensitivity","wd_z"
"champ_aegis_tortoise","Aegis Tortoise","clear","warrior",5,1,"champion",216,1272,430,50,67,67,9467.8,0.3381,0.2406,0.0975,2.5198,0.3102,0.3561,0,0.1132,0.876515315737641
"champ_aegis_tortoise@2","Aegis Tortoise","clear","warrior",5,2,"champion",234,1224,514.5,61,73,73,8934,0.4203,0.3676,0.0527,5.0397,0.312,0.4289,0,0.0809,0.411754221759186
"champ_aegis_tortoise@3","Aegis Tortoise","clear","warrior",5,3,"champion",84,468,260.5,29,38,38,10280.1,0.5566,0.3462,0.2105,20.1587,0.4524,0.5577,0,0.0962,2.0487921822458
"champ_aerion","Aerion, the Skybreaker","thunder","hybrid",10,1,"champion",252,1350,641.5,80,61,61,9404.7,0.4752,0.3867,0.0885,8,0.2421,0.4844,0.4822,0.0533,1.0034399748589
"champ_aerion@2","Aerion, the Skybreaker","thunder","hybrid",10,2,"champion",216,1236,640,87,48,48,8937.7,0.5178,0.5631,-0.0453,16,0.2222,0.5024,0.5558,0.0947,-0.285218054549037
"champ_aerion@3","Aerion, the Skybreaker","thunder","hybrid",10,3,"champion",48,318,265.5,35,11,11,8220,0.8349,1,-0.1651,64,0.2292,1,0.7547,0.2453,-1.4390389209397
"champ_aurion","Aurion, the First Dawn","clear","hybrid",10,1,"champion",84,480,215.5,23,14,14,8552.6,0.449,0.375,0.074,8,0.1667,0.4625,0,0.1562,0.863787198876723
"champ_aurion@2","Aurion, the First Dawn","clear","hybrid",10,2,"champion",210,1146,558.5,83,63,63,9533.6,0.4873,0.3717,0.1156,16,0.3,0.4843,0,0.1257,1.26444619755662
"champ_aurion@3","Aurion, the First Dawn","clear","hybrid",10,3,"champion",156,876,661.5,91,65,65,9443.2,0.7551,1,-0.2449,64,0.4167,0.75,0,0.0616,-2.20761075013815
"champ_borealis","Borealis, the Pale Aurora","snow","hybrid",10,1,"champion",240,1356,738.5,84,99,99,10319.8,0.5446,0.5044,0.0402,8,0.4125,0.5487,0.4978,0.0996,0.538251762449307
"champ_borealis@2","Borealis, the Pale Aurora","snow","hybrid",10,2,"champion",246,1326,794.5,125,45,45,8976.8,0.5992,0.6063,-0.0072,16,0.1829,0.629,0.5747,0.0543,0.0817316533765413
"champ_borealis@3","Borealis, the Pale Aurora","snow","hybrid",10,3,"champion",72,486,321.5,41,13,13,8167.5,0.6615,0.7778,-0.1163,64,0.1806,0.6728,0.6728,0.1173,-0.969035095565205
"champ_boulderhide_skink","Boulderhide Skink","cloudy","marksman",3,1,"champion",162,870,402.5,54,43,43,8401.7,0.4626,0.3517,0.1109,1.5874,0.2654,0.4621,0.4448,0.0379,1.07425893520709
"champ_boulderhide_skink@2","Boulderhide Skink","cloudy","marksman",3,2,"champion",246,1170,649.5,85,91,91,9506.1,0.5551,0.4667,0.0885,3.1748,0.3699,0.5718,0.5513,0.0769,0.821618497690133
"champ_boulderhide_skink@3","Boulderhide Skink","cloudy","marksman",3,3,"champion",270,1350,769.5,111,75,75,8895.8,0.57,0.5378,0.0322,12.6992,0.2778,0.5733,0.5311,0.0889,0.186633826609571
"champ_cliffeyrie_eagle","Cliffeyrie Eagle","cloudy","marksman",9,1,"champion",174,1056,356,42,59,59,9851.1,0.3371,0.2045,0.1326,6.3496,0.3391,0.375,0.2841,0.0909,1.4598938808379
"champ_cliffeyrie_eagle@2","Cliffeyrie Eagle","cloudy","marksman",9,2,"champion",192,1110,610.5,65,78,78,9555.2,0.55,0.5297,0.0203,12.6992,0.4062,0.5378,0.5,0.0865,0.376402856994317
"champ_cliffeyrie_eagle@3","Cliffeyrie Eagle","cloudy","marksman",9,3,"champion",66,384,255,34,23,23,9916.8,0.6641,0.9688,-0.3047,50.7968,0.3485,0.5469,0.6094,0.2578,-2.75925682910688
"champ_coppercrest_stork","Coppercrest Stork","thunder","mage",4,1,"champion",216,1080,455,58,40,40,8336,0.4213,0.3667,0.0546,2,0.1852,0.425,0.4444,0.0389,0.905104109824994
"champ_coppercrest_stork@2","Coppercrest Stork","thunder","mage",4,2,"champion",192,954,449.5,52,53,53,8603.6,0.4712,0.6038,-0.1326,4,0.276,0.4811,0.4906,0.044,-1.09004295563649
"champ_coppercrest_stork@3","Coppercrest Stork","thunder","mage",4,3,"champion",294,1656,836,105,102,102,9787.8,0.5048,0.6087,-0.1039,16,0.3469,0.5054,0.5362,0.0688,-0.784163036946618
"champ_coral_colossus","Coral Colossus","rain","warrior",5,1,"champion",264,1572,764.5,71,114,114,9999.6,0.4863,0.4275,0.0588,2.5198,0.4318,0.4752,0.4809,0.0592,0.475036424287502
"champ_coral_colossus@2","Coral Colossus","rain","warrior",5,2,"champion",324,1674,849,101,142,142,10066.2,0.5072,0.3656,0.1416,5.0397,0.4383,0.5287,0.5125,0.0932,1.33401451762268
"champ_coral_colossus@3","Coral Colossus","rain","warrior",5,3,"champion",276,1608,1016.5,102,153,153,10590.2,0.6322,0.5597,0.0725,20.1587,0.5543,0.6231,0.6138,0.0578,0.617162026687164
"champ_dawnwisp","Dawnwisp","clear","mage",1,1,"champion",138,888,337,41,32,32,8999.7,0.3795,0.3514,0.0282,1,0.2319,0.375,0,0.0608,0.120576006557832
"champ_dawnwisp@2","Dawnwisp","clear","mage",1,2,"champion",276,1566,647,75,59,59,8953.2,0.4132,0.3716,0.0415,2,0.2138,0.41,0,0.069,0.272647297587236
"champ_dawnwisp@3","Dawnwisp","clear","mage",1,3,"champion",330,1818,995,104,151,151,10135.3,0.5473,0.5644,-0.0171,8,0.4576,0.5743,0,0.0743,-0.397381097474649
"champ_dusk_bat","Dusk Bat","cloudy","mage",2,1,"champion",168,870,340.5,20,83,83,9752.8,0.3914,0.4483,-0.0569,1.2599,0.494,0.3931,0.3828,0.0793,-1.09853772548455
"champ_dusk_bat@2","Dusk Bat","cloudy","mage",2,2,"champion",192,1116,423.5,39,58,58,9141.6,0.3795,0.3387,0.0408,2.5198,0.3021,0.4005,0.3333,0.0753,0.342352847054257
"champ_dusk_bat@3","Dusk Bat","cloudy","mage",2,3,"champion",192,924,278,21,51,51,9358.9,0.3009,0.3247,-0.0238,10.0794,0.2656,0.3344,0.3052,0.0682,-0.610375208073759
"champ_duskstep_marten","Duskstep Marten","cloudy","assassin",5,1,"champion",240,1386,513.5,61,57,57,8465.5,0.3705,0.4632,-0.0927,2.5198,0.2375,0.4351,0.329,0.1061,-1.09664450735839
"champ_duskstep_marten@2","Duskstep Marten","cloudy","assassin",5,2,"champion",288,1662,828,120,71,71,9494.6,0.4982,0.3863,0.1119,5.0397,0.2465,0.5704,0.5054,0.1047,1.02590281023072
"champ_duskstep_marten@3","Duskstep Marten","cloudy","assassin",5,3,"champion",258,1392,754,106,89,89,9357.5,0.5417,0.5733,-0.0316,20.1587,0.345,0.5733,0.5345,0.0625,-0.462785068919023
"champ_eclipse_jaguar","Eclipse Jaguar","cloudy","hybrid",7,1,"champion",192,1056,678,109,8,8,7669,0.642,0.6307,0.0114,4,0.0417,0.6477,0.625,0.0284,0.0284967732997736
"champ_eclipse_jaguar@2","Eclipse Jaguar","cloudy","hybrid",7,2,"champion",162,876,448,47,72,72,9499.7,0.5114,0.5959,-0.0845,8,0.4444,0.5171,0.4897,0.0514,-1.0910492542053
"champ_eclipse_jaguar@3","Eclipse Jaguar","cloudy","hybrid",7,3,"champion",426,2268,1444,208,156,156,9891.7,0.6367,0.6931,-0.0564,32,0.3662,0.672,0.5608,0.1111,-0.763007091818517
"champ_ember_salamander","Ember Salamander","clear","mage",3,1,"champion",264,1422,485,35,93,93,8917.3,0.3411,0.4726,-0.1315,1.5874,0.3523,0.346,0,0.0844,-1.65967151363711
"champ_ember_salamander@2","Ember Salamander","clear","mage",3,2,"champion",372,2118,1069.5,138,88,88,9159.5,0.505,0.5099,-0.005,3.1748,0.2366,0.4958,0,0.0581,-0.232929757123945
"champ_ember_salamander@3","Ember Salamander","clear","mage",3,3,"champion",294,1602,856,128,75,75,8704.6,0.5343,0.5056,0.0287,12.6992,0.2551,0.5693,0,0.088,0.147158758247546
"champ_fogveil_moth","Fogveil Moth","mist","mage",5,1,"champion",180,888,400.5,61,35,35,8718.7,0.451,0.3649,0.0861,2.5198,0.1944,0.4358,0.4358,0.0709,0.758250215930623
"champ_fogveil_moth@2","Fogveil Moth","mist","mage",5,2,"champion",300,1710,810.5,106,81,81,9086.3,0.474,0.4702,0.0038,5.0397,0.27,0.4754,0.4719,0.0368,-0.0955408116235472
"champ_fogveil_moth@3","Fogveil Moth","mist","mage",5,3,"champion",462,2520,1324,165,160,160,9873.5,0.5254,0.6952,-0.1698,20.1587,0.3463,0.5548,0.5155,0.0488,-1.89649005079006
"champ_frostfang_wolverine","Frostfang Wolverine","snow","warrior",8,1,"champion",150,936,450.5,49,51,51,9223.3,0.4813,0.3013,0.18,5.0397,0.34,0.4359,0.5064,0.0833,1.66844763671345
"champ_frostfang_wolverine@2","Frostfang Wolverine","snow","warrior",8,2,"champion",270,1458,628.5,88,81,81,9178.5,0.4311,0.4198,0.0113,10.0794,0.3,0.4424,0.3786,0.1379,-0.0188926995431483
"champ_frostfang_wolverine@3","Frostfang Wolverine","snow","warrior",8,3,"champion",78,438,282,49,16,16,8223.7,0.6438,0.7945,-0.1507,40.3175,0.2051,0.5822,0.5959,0.1644,-1.63921951918493
"champ_frostplate_tortoise","Frostplate Tortoise","snow","warrior",5,1,"champion",84,426,206,30,6,6,7810.9,0.4836,0.4789,0.0047,2.5198,0.0714,0.4859,0.4859,0.0845,-0.08620409321773
"champ_frostplate_tortoise@2","Frostplate Tortoise","snow","warrior",5,2,"champion",408,2244,1002.5,92,119,119,9019.7,0.4467,0.4091,0.0377,5.0397,0.2917,0.4652,0.4238,0.0414,0.2561422483289
"champ_frostplate_tortoise@3","Frostplate Tortoise","snow","warrior",5,3,"champion",348,2022,1152,133,131,131,9746.6,0.5697,0.6053,-0.0356,20.1587,0.3764,0.6098,0.5534,0.0608,-0.504281595167099
"champ_frostquill_porcupine","Frostquill Porcupine","snow","marksman",9,1,"champion",60,336,173,22,14,14,8547.9,0.5149,0.5357,-0.0208,6.3496,0.2333,0.4107,0.5268,0.1875,-0.0201374910018649
"champ_frostquill_porcupine@2","Frostquill Porcupine","snow","marksman",9,2,"champion",186,1056,582.5,86,53,53,9171.2,0.5516,0.5739,-0.0223,12.6992,0.2849,0.5057,0.5426,0.0966,-0.0346097664761781
"champ_frostquill_porcupine@3","Frostquill Porcupine","snow","marksman",9,3,"champion",312,1656,1314.5,240,56,56,8107.3,0.7938,0.8043,-0.0106,50.7968,0.1795,0.7899,0.7826,0.0543,0.078273982223465
"champ_geode_beetle","Geode Beetle","cloudy","mage",4,1,"champion",342,1980,639,56,79,79,8634.2,0.3227,0.4273,-0.1045,2,0.231,0.3242,0.3773,0.0697,-0.790557739079507
"champ_geode_beetle@2","Geode Beetle","cloudy","mage",4,2,"champion",372,2064,1069.5,106,140,140,9648.5,0.5182,0.6715,-0.1533,4,0.3763,0.4942,0.5465,0.0523,-1.31066017922118
"champ_geode_beetle@3","Geode Beetle","cloudy","mage",4,3,"champion",150,792,275,34,27,27,8982.7,0.3472,0.3712,-0.024,16,0.18,0.3977,0.3371,0.0758,0.0673981304164849
"champ_glacierback_mammoth","Glacierback Mammoth","snow","bruiser",7,1,"champion",276,1578,798,105,62,62,9219,0.5057,0.4677,0.038,4,0.2246,0.4962,0.5171,0.0722,0.339027788228188
"champ_glacierback_mammoth@2","Glacierback Mammoth","snow","bruiser",7,2,"champion",282,1530,959.5,125,70,70,9277.9,0.6271,0.6784,-0.0513,8,0.2482,0.6451,0.6118,0.0392,-0.703469190460061
"champ_glacierback_mammoth@3","Glacierback Mammoth","snow","bruiser",7,3,"champion",186,1008,684,86,85,85,10100.6,0.6786,0.6369,0.0417,32,0.457,0.7143,0.628,0.0863,0.382221951958833
"champ_glade_heron","Glade Heron","rain","mage",8,1,"champion",180,1002,457,53,44,44,8792.6,0.4561,0.479,-0.023,5.0397,0.2444,0.4611,0.491,0.0749,-0.361961896541377
"champ_glade_heron@2","Glade Heron","rain","mage",8,2,"champion",444,2280,1052.5,150,140,140,9344,0.4616,0.4579,0.0037,10.0794,0.3153,0.4816,0.4763,0.0526,-0.0949080318226393
"champ_glade_heron@3","Glade Heron","rain","mage",8,3,"champion",210,1110,1002,179,23,23,8382.2,0.9027,0.8811,0.0216,40.3175,0.1095,0.9135,0.9027,0.0676,0.0841280797303723
"champ_goldcrest_lark","Goldcrest Lark","clear","mage",4,1,"champion",144,1038,443,31,45,45,9687.4,0.4268,0.3931,0.0337,2,0.3125,0.4335,0,0.0723,0.682355318862681
"champ_goldcrest_lark@2","Goldcrest Lark","clear","mage",4,2,"champion",282,1752,904.5,95,68,68,8958.5,0.5163,0.5445,-0.0283,4,0.2411,0.5171,0,0.0377,0.0215694317974444
"champ_goldcrest_lark@3","Goldcrest Lark","clear","mage",4,3,"champion",228,1212,570,65,85,85,9437.8,0.4703,0.5693,-0.099,16,0.3728,0.4381,0,0.0817,-0.731939636194688
"champ_goldhide_rhino","Goldhide Rhino","clear","bruiser",7,1,"champion",246,1410,569,65,54,54,8744.9,0.4035,0.3362,0.0674,4,0.2195,0.3979,0,0.0617,0.682246278412226
"champ_goldhide_rhino@2","Goldhide Rhino","clear","bruiser",7,2,"champion",324,1740,1010.5,131,110,110,9368.4,0.5807,0.5897,-0.0089,8,0.3395,0.5862,0,0.0276,-0.20848742230349
"champ_goldhide_rhino@3","Goldhide Rhino","clear","bruiser",7,3,"champion",210,1224,591,32,156,156,11483.8,0.4828,0.5637,-0.0809,32,0.7429,0.4779,0,0.1103,-1.04902250030521
"champ_granite_gorilla","Granite Gorilla","cloudy","assassin",6,1,"champion",246,1428,667,75,64,64,9038.2,0.4671,0.4496,0.0175,3.1748,0.2602,0.4895,0.4916,0.0714,0.44523825985589
"champ_granite_gorilla@2","Granite Gorilla","cloudy","assassin",6,2,"champion",276,1422,619,37,140,140,10088.8,0.4353,0.3797,0.0556,6.3496,0.5072,0.4219,0.4072,0.0675,1.07523000411843
"champ_granite_gorilla@3","Granite Gorilla","cloudy","assassin",6,3,"champion",144,882,592,65,59,59,10173.5,0.6712,0.7279,-0.0567,25.3984,0.4097,0.6803,0.6735,0.0578,-0.781674795899508
"champ_grovekeeper_tapir","Grovekeeper Tapir","rain","bruiser",4,1,"champion",174,936,459.5,48,71,71,9954.3,0.4909,0.4487,0.0422,2,0.408,0.5513,0.5224,0.1506,0.772946932411947
"champ_grovekeeper_tapir@2","Grovekeeper Tapir","rain","bruiser",4,2,"champion",336,1944,877,99,102,102,9430.6,0.4511,0.429,0.0221,4,0.3036,0.446,0.4429,0.0525,0.558724410960153
"champ_grovekeeper_tapir@3","Grovekeeper Tapir","rain","bruiser",4,3,"champion",138,732,418.5,52,50,50,9849.1,0.5717,0.623,-0.0512,16,0.3623,0.6107,0.4959,0.1148,-0.222495032941167
"champ_hoarfrost_owl","Hoarfrost Owl","snow","mage",4,1,"champion",186,1146,460,69,25,25,8677.5,0.4014,0.5707,-0.1693,2,0.1344,0.3613,0.4634,0.1021,-1.48118556943156
"champ_hoarfrost_owl@2","Hoarfrost Owl","snow","mage",4,2,"champion",240,1302,604.5,69,66,66,9445.5,0.4643,0.5714,-0.1071,4,0.275,0.4747,0.3917,0.1359,-0.818268114988695
"champ_hoarfrost_owl@3","Hoarfrost Owl","snow","mage",4,3,"champion",180,906,469.5,47,60,60,9471.8,0.5182,0.702,-0.1838,16,0.3333,0.5033,0.5199,0.0861,-1.63572420430972
"champ_hollow_elk","Hollow Elk","mist","assassin",4,1,"champion",294,1614,724,62,94,94,9263.4,0.4486,0.4015,0.0471,2,0.3197,0.4684,0.4257,0.0465,0.825170333163877
"champ_hollow_elk@2","Hollow Elk","mist","assassin",4,2,"champion",234,1320,643,74,77,77,9940.2,0.4871,0.4682,0.0189,4,0.3291,0.5295,0.4614,0.0773,0.524619332918076
"champ_hollow_elk@3","Hollow Elk","mist","assassin",4,3,"champion",132,672,414.5,55,58,58,10135.5,0.6168,0.4375,0.1793,16,0.4394,0.6786,0.5804,0.1027,2.23413636977717
"champ_iceclaw_lynx","Iceclaw Lynx","snow","assassin",6,1,"champion",438,2514,1223,126,157,157,9552.6,0.4865,0.5012,-0.0147,3.1748,0.3584,0.4821,0.4391,0.0764,-0.0871957077360754
"champ_iceclaw_lynx@2","Iceclaw Lynx","snow","assassin",6,2,"champion",360,1974,958,154,72,72,8804.7,0.4853,0.4833,0.002,6.3496,0.2,0.4878,0.4909,0.0532,0.188942405890813
"champ_iceclaw_lynx@3","Iceclaw Lynx","snow","assassin",6,3,"champion",306,1674,1072,150,104,104,9666.6,0.6404,0.6272,0.0131,25.3984,0.3399,0.6631,0.5968,0.0753,0.372483307762578
"champ_lostlight_wisp","Lostlight Wisp","mist","mage",1,1,"champion",222,1212,615.5,52,101,101,9691.5,0.5078,0.2376,0.2702,1,0.455,0.5099,0.5446,0.0941,2.8875874673936
"champ_lostlight_wisp@2","Lostlight Wisp","mist","mage",1,2,"champion",270,1584,538,58,61,61,8593,0.3396,0.2917,0.048,2,0.2259,0.3542,0.3314,0.0417,0.346967853353486
"champ_lostlight_wisp@3","Lostlight Wisp","mist","mage",1,3,"champion",246,1422,717.5,70,109,109,9936.8,0.5046,0.4051,0.0995,8,0.4431,0.5169,0.4768,0.0992,0.935815333655314
"champ_marsh_thrush","Marsh Thrush","rain","mage",6,1,"champion",282,1680,551.5,52,101,101,9196.8,0.3283,0.3286,-3e-04,3.1748,0.3582,0.3268,0.3375,0.0304,0.150911408205673
"champ_marsh_thrush@2","Marsh Thrush","rain","mage",6,2,"champion",156,936,444,39,59,59,10380.2,0.4744,0.5449,-0.0705,6.3496,0.3782,0.5385,0.4968,0.0929,-1.00986078201035
"champ_marsh_thrush@3","Marsh Thrush","rain","mage",6,3,"champion",66,348,192.5,27,15,15,8632.9,0.5532,0.6552,-0.102,25.3984,0.2273,0.5345,0.5776,0.1034,-1.53072009813292
"champ_marshghast_boar","Marshghast Boar","mist","bruiser",7,1,"champion",126,738,344,31,61,61,10182.6,0.4661,0.3415,0.1247,4,0.4841,0.4715,0.4959,0.065,1.35117211132193
"champ_marshghast_boar@2","Marshghast Boar","mist","bruiser",7,2,"champion",216,1446,729,68,90,90,10482.5,0.5041,0.4938,0.0104,8,0.4167,0.5062,0.4938,0.0415,0.0168226749941941
"champ_marshghast_boar@3","Marshghast Boar","mist","bruiser",7,3,"champion",324,1776,1104.5,118,179,179,10658,0.6219,0.6014,0.0206,32,0.5525,0.5946,0.6351,0.0625,0.135898477711105
"champ_mirage_caracal","Mirage Caracal","clear","assassin",8,1,"champion",150,828,302,53,28,28,8206.6,0.3647,0.3333,0.0314,5.0397,0.1867,0.4058,0,0.0833,0.182147850301295
"champ_mirage_caracal@2","Mirage Caracal","clear","assassin",8,2,"champion",150,792,348.5,61,21,21,8468.1,0.44,0.4091,0.0309,10.0794,0.14,0.4318,0,0.0682,0.177146841598697
"champ_mirage_caracal@3","Mirage Caracal","clear","assassin",8,3,"champion",222,1128,658.5,112,61,61,8584.8,0.5838,0.6011,-0.0173,40.3175,0.2748,0.609,0,0.0851,-0.304950397331759
"champ_mirewarden_toad","Mirewarden Toad","rain","assassin",7,1,"champion",162,840,457,45,54,54,9704.5,0.544,0.4214,0.1226,4,0.3333,0.5857,0.5714,0.1214,1.32665650488021
"champ_mirewarden_toad@2","Mirewarden Toad","rain","assassin",7,2,"champion",84,486,380,52,19,19,8364.7,0.7819,0.716,0.0658,8,0.2262,0.7531,0.8086,0.0741,0.663567721123299
"champ_mirewarden_toad@3","Mirewarden Toad","rain","assassin",7,3,"champion",150,1020,639,67,57,57,10049.4,0.6265,0.5588,0.0676,32,0.38,0.6794,0.5882,0.0912,0.684581098073342
"champ_mournhollow","Mournhollow, the Pale Stag","mist","hybrid",10,1,"champion",126,708,274.5,19,51,51,9770.4,0.3877,0.4915,-0.1038,8,0.4048,0.3941,0.3432,0.0636,-0.84864477144264
"champ_mournhollow@2","Mournhollow, the Pale Stag","mist","hybrid",10,2,"champion",318,1764,1023.5,141,77,77,8917,0.5802,0.6667,-0.0865,16,0.2421,0.5408,0.5833,0.0901,-0.68202456285701
"champ_mournhollow@3","Mournhollow, the Pale Stag","mist","hybrid",10,3,"champion",264,1488,1099.5,155,89,89,9338.1,0.7389,0.7823,-0.0433,64,0.3371,0.7419,0.7399,0.0645,-0.265955602689426
"champ_nerei","Nerei, the Floodmother","rain","hybrid",10,1,"champion",168,954,486,77,21,21,8417.2,0.5094,0.5031,0.0063,8,0.125,0.522,0.5063,0.0157,0.211753203428911
"champ_nerei@2","Nerei, the Floodmother","rain","hybrid",10,2,"champion",72,486,279,26,20,20,8776,0.5741,0.5556,0.0185,16,0.2778,0.537,0.537,0.142,0.329254159772535
"champ_nerei@3","Nerei, the Floodmother","rain","hybrid",10,3,"champion",282,1530,1069,164,83,83,9111,0.6987,0.8196,-0.1209,64,0.2943,0.7667,0.6667,0.1,-1.01333873484231
"champ_nightglass_mantis","Nightglass Mantis","cloudy","assassin",8,1,"champion",294,1674,847.5,74,102,102,9289.4,0.5063,0.5376,-0.0314,5.0397,0.3469,0.4749,0.5197,0.0502,-0.445978842745025
"champ_nightglass_mantis@2","Nightglass Mantis","cloudy","assassin",8,2,"champion",54,342,63,6,14,14,9214.5,0.1842,0.193,-0.0088,10.0794,0.2593,0.2456,0.0702,0.1754,-0.219933249387592
"champ_nightglass_mantis@3","Nightglass Mantis","cloudy","assassin",8,3,"champion",186,1140,469,61,45,45,9253.7,0.4114,0.5,-0.0886,40.3175,0.2419,0.4658,0.4184,0.0868,-1.01809423832225
"champ_pebbleback_pangolin","Pebbleback Pangolin","cloudy","warrior",1,1,"champion",90,546,228,29,20,20,9557.8,0.4176,0.4945,-0.0769,1,0.2222,0.4176,0.4176,0.0989,-1.08113021052415
"champ_pebbleback_pangolin@2","Pebbleback Pangolin","cloudy","warrior",1,2,"champion",114,738,415.5,55,24,24,8849.7,0.563,0.6341,-0.0711,2,0.2105,0.6057,0.565,0.126,-1.01481340691734
"champ_pebbleback_pangolin@3","Pebbleback Pangolin","cloudy","warrior",1,3,"champion",180,1056,471.5,69,38,38,8884.8,0.4465,0.392,0.0545,8,0.2111,0.483,0.483,0.1051,0.421288409119736
"champ_permafrost_walrus","Permafrost Walrus","snow","marksman",3,1,"champion",372,2130,916,116,90,90,9066.2,0.43,0.4732,-0.0432,1.5874,0.2419,0.4141,0.4535,0.0746,-0.663771931818038
"champ_permafrost_walrus@2","Permafrost Walrus","snow","marksman",3,2,"champion",216,1200,576.5,56,73,73,8787.5,0.4804,0.35,0.1304,3.1748,0.338,0.43,0.4625,0.1,1.29419145893837
"champ_permafrost_walrus@3","Permafrost Walrus","snow","marksman",3,3,"champion",264,1380,716,108,69,69,8685.2,0.5188,0.4696,0.0493,12.6992,0.2614,0.5196,0.4696,0.0891,0.379497732035461
"champ_phantom_lynx","Phantom Lynx","mist","assassin",3,1,"champion",162,936,293.5,22,40,40,8977.8,0.3136,0.2372,0.0764,1.5874,0.2469,0.2596,0.3686,0.109,0.685147547067134
"champ_phantom_lynx@2","Phantom Lynx","mist","assassin",3,2,"champion",360,1962,900,113,101,101,8816.4,0.4587,0.5076,-0.0489,3.1748,0.2806,0.4465,0.4557,0.0841,-0.728059900293335
"champ_phantom_lynx@3","Phantom Lynx","mist","assassin",3,3,"champion",300,1800,881.5,108,91,91,9056.5,0.4897,0.54,-0.0503,12.6992,0.3033,0.4767,0.4833,0.0317,-0.743849927638145
"champ_reedbank_otter","Reedbank Otter","rain","warrior",2,1,"champion",192,1068,432.5,31,82,82,10129.7,0.405,0.3539,0.051,1.2599,0.4271,0.3596,0.427,0.1067,0.492783592600786
"champ_reedbank_otter@2","Reedbank Otter","rain","warrior",2,2,"champion",384,2250,1009,125,102,102,9091.6,0.4484,0.5413,-0.0929,2.5198,0.2656,0.4773,0.4227,0.0547,-1.62946976858995
"champ_reedbank_otter@3","Reedbank Otter","rain","warrior",2,3,"champion",186,1122,598,82,33,33,8878.5,0.533,0.5241,0.0089,10.0794,0.1774,0.5241,0.5588,0.0561,-0.128111935586358
"champ_riptide_caiman","Riptide Caiman","rain","warrior",9,1,"champion",300,1752,796,99,77,77,8787,0.4543,0.3904,0.0639,6.3496,0.2567,0.4538,0.4829,0.0736,0.797063664114355
"champ_riptide_caiman@2","Riptide Caiman","rain","warrior",9,2,"champion",138,738,472.5,71,19,19,8452.2,0.6402,0.7073,-0.0671,12.6992,0.1377,0.6667,0.6341,0.1341,-0.466848393975666
"champ_riptide_caiman@3","Riptide Caiman","rain","warrior",9,3,"champion",246,1308,782,153,23,23,7944.8,0.5979,0.5963,0.0015,50.7968,0.0935,0.594,0.6032,0.0459,0.195017004382925
"champ_snowpelt_cub","Snowpelt Cub","snow","warrior",1,1,"champion",306,1686,842,102,88,88,9217.2,0.4994,0.5338,-0.0344,1,0.2876,0.5107,0.5356,0.0587,-0.595188115129438
"champ_snowpelt_cub@2","Snowpelt Cub","snow","warrior",1,2,"champion",210,1062,486,53,75,75,9033.5,0.4576,0.6215,-0.1638,2,0.3571,0.4689,0.4576,0.0226,-2.07473887146063
"champ_snowpelt_cub@3","Snowpelt Cub","snow","warrior",1,3,"champion",330,1812,1017.5,89,159,159,10447.3,0.5615,0.5298,0.0317,8,0.4818,0.5613,0.5315,0.0613,0.160594767355044
"champ_sparkfly","Sparkfly","thunder","mage",1,1,"champion",270,1458,516.5,49,85,85,9234.5,0.3543,0.3128,0.0415,1,0.3148,0.3416,0.3086,0.0782,0.272647297587236
"champ_sparkfly@2","Sparkfly","thunder","mage",1,2,"champion",306,1668,610.5,69,66,66,8493.4,0.366,0.3849,-0.0189,2,0.2157,0.3723,0.3813,0.027,-0.417962174456072
"champ_sparkfly@3","Sparkfly","thunder","mage",1,3,"champion",240,1272,677.5,68,118,118,10434.1,0.5326,0.3915,0.1411,8,0.4917,0.5165,0.5071,0.059,1.41146689055931
"champ_spectral_heron","Spectral Heron","mist","mage",9,1,"champion",264,1584,664,82,70,70,9062.6,0.4192,0.3712,0.048,6.3496,0.2652,0.4394,0.4223,0.0303,0.643657544086635
"champ_spectral_heron@2","Spectral Heron","mist","mage",9,2,"champion",222,1230,752.5,119,34,34,8375.1,0.6118,0.5756,0.0362,12.6992,0.1532,0.6024,0.6195,0.0293,0.529808977022038
"champ_spectral_heron@3","Spectral Heron","mist","mage",9,3,"champion",348,1968,1442.5,230,74,74,8301.3,0.733,0.8262,-0.0932,50.7968,0.2126,0.7515,0.6936,0.0671,-0.718665987228716
"champ_springfrog","Springfrog","rain","mage",1,1,"champion",246,1380,552.5,62,68,68,9476,0.4004,0.4,4e-04,1,0.2764,0.3913,0.4,0.1717,-0.197287293488591
"champ_springfrog@2","Springfrog","rain","mage",1,2,"champion",180,966,536.5,66,55,55,9547.5,0.5554,0.5155,0.0399,2,0.3056,0.5683,0.559,0.0807,0.254353006937082
"champ_springfrog@3","Springfrog","rain","mage",1,3,"champion",174,972,636.5,69,89,89,10256.4,0.6548,0.5123,0.1425,8,0.5115,0.6944,0.6574,0.0648,1.4274743948782
"champ_storm_eagle","Storm Eagle","thunder","mage",9,1,"champion",60,330,236,35,8,8,7564.8,0.7152,0.8,-0.0848,6.3496,0.1333,0.7273,0.7273,0.1091,-0.637621244572562
"champ_storm_eagle@2","Storm Eagle","thunder","mage",9,2,"champion",150,972,542,66,60,60,10011.9,0.5576,0.6605,-0.1029,12.6992,0.4,0.5648,0.4877,0.1574,-0.812253368629275
"champ_storm_eagle@3","Storm Eagle","thunder","mage",9,3,"champion",114,516,436,99,10,10,7524.1,0.845,0.8256,0.0194,50.7968,0.0877,0.814,0.8837,0.1512,0.367719491709729
"champ_sunmane_lion","Sunmane Lion","clear","warrior",6,1,"champion",522,2688,1205.5,141,142,142,8949.3,0.4485,0.4531,-0.0047,3.1748,0.272,0.4699,0,0.0614,0.0781564561123609
"champ_sunmane_lion@2","Sunmane Lion","clear","warrior",6,2,"champion",294,1560,577.5,90,57,57,8358.9,0.3702,0.4269,-0.0567,6.3496,0.1939,0.3577,0,0.0538,-0.781674795899508
"champ_sunmane_lion@3","Sunmane Lion","clear","warrior",6,3,"champion",120,726,536,73,25,25,8897,0.7383,0.7603,-0.022,25.3984,0.2083,0.7686,0,0.1157,-0.207902787345434
"champ_sunspear_falcon","Sunspear Falcon","clear","marksman",9,1,"champion",126,696,312,35,29,29,8769.7,0.4483,0.3621,0.0862,6.3496,0.2302,0.4224,0,0.0862,1.01221815949914
"champ_sunspear_falcon@2","Sunspear Falcon","clear","marksman",9,2,"champion",486,2772,1711.5,229,144,144,9094.4,0.6174,0.526,0.0915,12.6992,0.2963,0.618,0,0.0325,1.06335353284172
"champ_sunspear_falcon@3","Sunspear Falcon","clear","marksman",9,3,"champion",294,1752,1251,200,52,52,8408.3,0.714,0.6575,0.0565,50.7968,0.1769,0.7072,0,0.0702,0.725667105107743
"champ_tempest_eel","Tempest Eel","thunder","mage",6,1,"champion",234,1140,481.5,78,48,48,8143.1,0.4224,0.4579,-0.0355,3.1748,0.2051,0.4026,0.4421,0.0395,-0.431128208540823
"champ_tempest_eel@2","Tempest Eel","thunder","mage",6,2,"champion",390,1986,980.5,138,111,111,8681.5,0.4937,0.4864,0.0073,6.3496,0.2846,0.4592,0.5242,0.065,0.276579052730485
"champ_tempest_eel@3","Tempest Eel","thunder","mage",6,3,"champion",78,486,276,41,13,13,7936.6,0.5679,0.642,-0.0741,25.3984,0.1667,0.5802,0.5185,0.1358,-1.06938756099579
"champ_thunderclap_gorilla","Thunderclap Gorilla","thunder","warrior",8,1,"champion",246,1392,404,49,44,44,8560.9,0.2902,0.2543,0.0359,5.0397,0.1789,0.3147,0.3103,0.0517,0.227156928624678
"champ_thunderclap_gorilla@2","Thunderclap Gorilla","thunder","warrior",8,2,"champion",312,1818,979,112,110,110,9057.3,0.5385,0.4356,0.1029,10.0794,0.3526,0.5215,0.538,0.0512,0.897292094772822
"champ_thunderclap_gorilla@3","Thunderclap Gorilla","thunder","warrior",8,3,"champion",216,1134,868.5,169,18,18,7466.5,0.7659,0.6508,0.1151,40.3175,0.0833,0.7249,0.7646,0.1005,1.01931670711622
"champ_thunderhide_bison","Thunderhide Bison","thunder","warrior",5,1,"champion",306,1650,947,134,58,58,8955.4,0.5739,0.5491,0.0248,2.5198,0.1895,0.6036,0.5873,0.0527,0.122315951178854
"champ_thunderhide_bison@2","Thunderhide Bison","thunder","warrior",5,2,"champion",198,1200,587.5,66,50,50,9104.9,0.4896,0.505,-0.0154,5.0397,0.2525,0.48,0.485,0.0525,-0.294724137614313
"champ_thunderhide_bison@3","Thunderhide Bison","thunder","warrior",5,3,"champion",174,1020,540.5,56,83,83,10085.4,0.5299,0.6176,-0.0877,20.1587,0.477,0.5647,0.4971,0.0676,-1.04477384954829
"champ_thunderhoof_colt","Thunderhoof Colt","thunder","warrior",2,1,"champion",246,1236,307.5,28,55,55,8158,0.2488,0.199,0.0498,1.2599,0.2236,0.2524,0.2257,0.0777,0.475085857830606
"champ_thunderhoof_colt@2","Thunderhoof Colt","thunder","warrior",2,2,"champion",330,1812,561.5,47,114,114,9458.3,0.3099,0.2748,0.035,2.5198,0.3455,0.3096,0.3096,0.0745,0.256813795665054
"champ_thunderhoof_colt@3","Thunderhoof Colt","thunder","warrior",2,3,"champion",210,1260,678,77,65,65,9699.6,0.5381,0.6143,-0.0762,10.0794,0.3095,0.6143,0.5524,0.1762,-1.38317629303828
"champ_torrent_heron","Torrent Heron","rain","marksman",3,1,"champion",228,1350,770,98,65,65,9802,0.5704,0.4844,0.0859,1.5874,0.2851,0.5444,0.6022,0.0622,0.792294161192629
"champ_torrent_heron@2","Torrent Heron","rain","marksman",3,2,"champion",330,1854,785,91,93,93,9088.6,0.4234,0.5049,-0.0814,3.1748,0.2818,0.432,0.4078,0.0631,-1.09461410651213
"champ_torrent_heron@3","Torrent Heron","rain","marksman",3,3,"champion",174,1080,607.5,89,15,15,7659,0.5625,0.4722,0.0903,12.6992,0.0862,0.5528,0.5889,0.0528,0.841919961419174
"champ_umbra","Umbra, the Mountain's Shadow","cloudy","hybrid",10,1,"champion",186,1086,319.5,43,19,19,7804.8,0.2942,0.337,-0.0428,8,0.1022,0.3785,0.2624,0.1271,-0.261139989724524
"champ_umbra@2","Umbra, the Mountain's Shadow","cloudy","hybrid",10,2,"champion",252,1644,875,114,70,70,9391.1,0.5322,0.6131,-0.0809,16,0.2778,0.5602,0.5182,0.0712,-0.628089697650101
"champ_umbra@3","Umbra, the Mountain's Shadow","cloudy","hybrid",10,3,"champion",432,2208,1637,269,131,131,9202.2,0.7414,0.9076,-0.1662,64,0.3032,0.7351,0.7024,0.0734,-1.44963326946248
"champ_veilfang_wolf","Veilfang Wolf","mist","assassin",8,1,"champion",234,1296,748,90,78,78,9631.6,0.5772,0.4213,0.1559,5.0397,0.3333,0.6065,0.5694,0.081,1.42739901724822
"champ_veilfang_wolf@2","Veilfang Wolf","mist","assassin",8,2,"champion",258,1488,880,123,56,56,9606.8,0.5914,0.5766,0.0148,10.0794,0.2171,0.5887,0.5726,0.0464,0.0161143613750383
"champ_veilfang_wolf@3","Veilfang Wolf","mist","assassin",8,3,"champion",270,1380,1123.5,196,44,44,8519.6,0.8141,0.8957,-0.0815,40.3175,0.163,0.8304,0.763,0.0761,-0.947079914745354
"champ_veldt_pronghorn","Veldt Pronghorn","clear","warrior",2,1,"champion",114,630,209,28,24,24,8867.2,0.3317,0.2476,0.0841,1.2599,0.2105,0.3238,0,0.1,0.98094611001158
"champ_veldt_pronghorn@2","Veldt Pronghorn","clear","warrior",2,2,"champion",132,792,328.5,46,25,25,8870.4,0.4148,0.303,0.1117,2.5198,0.1894,0.4318,0,0.0682,1.38799400972572
"champ_veldt_pronghorn@3","Veldt Pronghorn","clear","warrior",2,3,"champion",240,1332,716.5,100,60,60,9127.9,0.5379,0.6081,-0.0702,10.0794,0.25,0.5608,0,0.0495,-1.29468761918738
"champ_voltmane_jackal","Voltmane Jackal","thunder","hybrid",7,1,"champion",240,1368,538.5,84,42,42,8625,0.3936,0.5088,-0.1151,4,0.175,0.432,0.4013,0.0811,-1.44827666235603
"champ_voltmane_jackal@2","Voltmane Jackal","thunder","hybrid",7,2,"champion",264,1422,600,84,56,56,8766.5,0.4219,0.3924,0.0295,8,0.2121,0.5021,0.4346,0.1245,0.239797952630763
"champ_voltmane_jackal@3","Voltmane Jackal","thunder","hybrid",7,3,"champion",294,1836,1048,113,104,104,9830.8,0.5708,0.732,-0.1612,32,0.3537,0.6095,0.531,0.0784,-1.98645259424325
"champ_voltscale_mamba","Voltscale Mamba","thunder","warrior",3,1,"champion",264,1380,416.5,40,73,73,8687.7,0.3018,0.4217,-0.1199,1.5874,0.2765,0.3174,0.3174,0.0391,-1.5288398584944
"champ_voltscale_mamba@2","Voltscale Mamba","thunder","warrior",3,2,"champion",354,2148,1065,119,93,93,9011.1,0.4958,0.5726,-0.0768,3.1748,0.2627,0.5545,0.514,0.1034,-1.04273258809347
"champ_voltscale_mamba@3","Voltscale Mamba","thunder","warrior",3,3,"champion",306,1560,598.5,86,72,72,9010,0.3837,0.3077,0.076,12.6992,0.2353,0.3519,0.4135,0.0615,0.680636110682903
"champ_will_o_fawn","Will-o-Fawn","mist","mage",2,1,"champion",138,696,217.5,31,19,19,7960.1,0.3125,0.3966,-0.0841,1.2599,0.1377,0.3405,0.2759,0.0647,-1.4996863802753
"champ_will_o_fawn@2","Will-o-Fawn","mist","mage",2,2,"champion",258,1506,623,41,111,111,9808.2,0.4137,0.4582,-0.0445,2.5198,0.4302,0.4124,0.4821,0.1295,-0.915661132859361
"champ_will_o_fawn@3","Will-o-Fawn","mist","mage",2,3,"champion",330,1728,945,137,85,85,9492.2,0.5469,0.5035,0.0434,10.0794,0.2576,0.5764,0.5677,0.0573,0.380697939056313
"champ_wintermoth","Wintermoth","snow","mage",2,1,"champion",264,1284,476.5,50,80,80,8700.6,0.3711,0.3364,0.0347,1.2599,0.303,0.3598,0.3458,0.0818,0.252389361972509
"champ_wintermoth@2","Wintermoth","snow","mage",2,2,"champion",132,864,259.5,21,49,49,9935.4,0.3003,0.2292,0.0712,2.5198,0.3712,0.2743,0.2708,0.1076,0.790695461232147
"champ_wintermoth@3","Wintermoth","snow","mage",2,3,"champion",342,2016,811,79,105,105,9654.3,0.4023,0.378,0.0243,10.0794,0.307,0.4137,0.3705,0.061,0.099008993964284
"champ_wraithorn_stag","Wraithorn Stag","mist","warrior",6,1,"champion",126,864,319.5,33,36,36,8997.9,0.3698,0.25,0.1198,3.1748,0.2857,0.3611,0.3646,0.0174,2.13679089602539
"champ_wraithorn_stag@2","Wraithorn Stag","mist","warrior",6,2,"champion",162,918,481,60,64,64,9370,0.524,0.5752,-0.0512,6.3496,0.3951,0.5,0.5229,0.049,-0.690731105782868
"champ_wraithorn_stag@3","Wraithorn Stag","mist","warrior",6,3,"champion",258,1374,974,151,76,76,9093.5,0.7089,0.6812,0.0277,25.3984,0.2946,0.7118,0.6638,0.1114,0.613897466981295
"enemy_arcanist","Arcanist","clear","mage",9,1,"enemy",324,1782,699,86,74,74,8952.7,0.3923,0.367,0.0253,6.3496,0.2284,0.3687,0,0.0488,0.424643775242028
"enemy_arcanist@2","Arcanist","clear","mage",9,2,"enemy",258,1452,793,131,43,43,8107.2,0.5461,0.4876,0.0585,12.6992,0.1667,0.5558,0,0.0599,0.744963472406827
"enemy_arcanist@3","Arcanist","clear","mage",9,3,"enemy",96,600,424,73,6,6,6993,0.7067,0.74,-0.0333,50.7968,0.0625,0.69,0,0.05,-0.140739786621142
"enemy_archmagus_imperator","Archmagus Imperator","clear","hybrid",9,1,"enemy",222,1170,444,71,48,48,8737,0.3795,0.3538,0.0256,6.3496,0.2162,0.3615,0,0.0821,0.427538230336891
"enemy_archmagus_imperator@2","Archmagus Imperator","clear","hybrid",9,2,"enemy",96,636,270,30,24,24,8732.7,0.4245,0.5283,-0.1038,12.6992,0.25,0.3915,0,0.0943,-0.820936733913863
"enemy_archmagus_imperator@3","Archmagus Imperator","clear","hybrid",9,3,"enemy",384,2022,1372,221,133,133,9149.7,0.6785,0.7715,-0.093,50.7968,0.3464,0.6721,0,0.0282,-0.716736350498808
"enemy_avalanche_engine","Avalanche Engine","snow","marksman",5,1,"enemy",222,1134,399,45,66,66,9150.7,0.3519,0.3333,0.0185,2.5198,0.2973,0.3095,0.3254,0.1085,0.0569589223381333
"enemy_avalanche_engine@2","Avalanche Engine","snow","marksman",5,2,"enemy",90,468,238,23,38,38,9439.4,0.5085,0.6795,-0.1709,5.0397,0.4222,0.5256,0.5192,0.0833,-1.90790159550828
"enemy_avalanche_engine@3","Avalanche Engine","snow","marksman",5,3,"enemy",366,2022,1356.5,242,48,48,7790.1,0.6709,0.5994,0.0715,20.1587,0.1311,0.6958,0.6231,0.0727,0.606787895125145
"enemy_battlemage","Battlemage","clear","mage",5,1,"enemy",294,1608,690,77,91,91,8690.6,0.4291,0.3843,0.0448,2.5198,0.3095,0.4235,0,0.0522,0.329798582419235
"enemy_battlemage@2","Battlemage","clear","mage",5,2,"enemy",174,1002,445,60,32,32,8415.5,0.4441,0.5389,-0.0948,5.0397,0.1839,0.4371,0,0.0719,-1.11843018363863
"enemy_battlemage@3","Battlemage","clear","mage",5,3,"enemy",312,1866,795,106,67,67,8860.6,0.426,0.5048,-0.0788,20.1587,0.2147,0.4164,0,0.0531,-0.952444078646323
"enemy_blight_lurker","Blight Lurker","rain","warrior",3,1,"enemy",204,1260,535.5,36,89,89,10122.2,0.425,0.3667,0.0583,1.5874,0.4363,0.4167,0.4643,0.0643,0.481005050680666
"enemy_blight_lurker@2","Blight Lurker","rain","warrior",3,2,"enemy",114,720,174,12,39,39,10530.7,0.2417,0.1333,0.1083,3.1748,0.3421,0.1958,0.3125,0.2458,1.04493459870958
"enemy_blight_lurker@3","Blight Lurker","rain","warrior",3,3,"enemy",528,2958,1634,217,186,186,9886.3,0.5524,0.3874,0.165,12.6992,0.3523,0.574,0.5314,0.0751,1.68443070617438
"enemy_brineblight_berserker","Brineblight Berserker","rain","warrior",5,1,"enemy",270,1518,549,85,38,38,8424.7,0.3617,0.2925,0.0692,2.5198,0.1407,0.3676,0.3913,0.0455,0.582927392532501
"enemy_brineblight_berserker@2","Brineblight Berserker","rain","warrior",5,2,"enemy",246,1284,541,67,87,87,10077.5,0.4213,0.4206,8e-04,5.0397,0.3537,0.4369,0.4229,0.0537,-0.126663206309604
"enemy_brineblight_berserker@3","Brineblight Berserker","rain","warrior",5,3,"enemy",180,1044,470,75,37,37,8887.1,0.4502,0.3678,0.0824,20.1587,0.2056,0.4713,0.4511,0.0805,0.719865929151153
"enemy_caged_banshee","Caged Banshee","mist","mage",5,1,"enemy",114,660,116,13,7,7,8643.7,0.1758,0.2091,-0.0333,2.5198,0.0614,0.1591,0.2773,0.1591,-0.480421092574455
"enemy_caged_banshee@2","Caged Banshee","mist","mage",5,2,"enemy",162,798,290,35,48,48,9212.1,0.3634,0.3609,0.0025,5.0397,0.2963,0.3609,0.3947,0.0789,-0.109027182654172
"enemy_caged_banshee@3","Caged Banshee","mist","mage",5,3,"enemy",60,384,200,16,22,22,9797.2,0.5208,0.3438,0.1771,20.1587,0.3667,0.5391,0.3672,0.25,1.70229618807436
"enemy_caged_storm_drake","Caged Storm-Drake","thunder","hybrid",9,1,"enemy",102,708,204,7,50,50,10446.4,0.2881,0.1441,0.1441,6.3496,0.4902,0.3093,0.3305,0.1229,1.57084799280764
"enemy_caged_storm_drake@2","Caged Storm-Drake","thunder","hybrid",9,2,"enemy",288,1602,783,113,57,57,9134.4,0.4888,0.5431,-0.0543,12.6992,0.1979,0.5187,0.5037,0.0431,-0.343351643261527
"enemy_caged_storm_drake@3","Caged Storm-Drake","thunder","hybrid",9,3,"enemy",264,1530,1110,182,52,52,8534.3,0.7255,0.8118,-0.0863,50.7968,0.197,0.7549,0.7294,0.051,-0.652093520046876
"enemy_cannoneer","Cannoneer","clear","marksman",8,1,"enemy",228,1254,678,79,47,47,8390.4,0.5407,0.3828,0.1579,5.0397,0.2061,0.5766,0,0.0933,1.44740305205861
"enemy_cannoneer@2","Cannoneer","clear","marksman",8,2,"enemy",294,1686,1096.5,182,45,45,8653.7,0.6504,0.5587,0.0916,10.0794,0.1531,0.6584,0,0.0569,0.784269298094105
"enemy_cannoneer@3","Cannoneer","clear","marksman",8,3,"enemy",180,930,740.5,130,20,20,7943.4,0.7962,0.671,0.1253,40.3175,0.1111,0.8,0,0.0161,1.12133728464922
"enemy_capture_rig_wolf","Capture-Rig Wolf","thunder","warrior",3,1,"enemy",234,1332,350,50,49,49,8465.9,0.2628,0.3063,-0.0435,1.5874,0.2094,0.2252,0.2432,0.0721,-0.667155509106212
"enemy_capture_rig_wolf@2","Capture-Rig Wolf","thunder","warrior",3,2,"enemy",204,1044,476.5,66,44,44,8632.2,0.4564,0.2989,0.1576,3.1748,0.2157,0.4885,0.4109,0.0776,1.6009691330661
"enemy_capture_rig_wolf@3","Capture-Rig Wolf","thunder","warrior",3,3,"enemy",240,1320,739.5,114,65,65,8892.8,0.5602,0.5136,0.0466,12.6992,0.2708,0.5977,0.5818,0.0909,0.349045536441899
"enemy_cold_iron_yeti","Cold-Iron Yeti","snow","warrior",4,1,"enemy",252,1230,564.5,95,41,41,8447.2,0.4589,0.3463,0.1126,2,0.1627,0.4829,0.4732,0.0829,1.52325864933763
"enemy_cold_iron_yeti@2","Cold-Iron Yeti","snow","warrior",4,2,"enemy",126,822,281,24,32,32,9612.7,0.3418,0.5474,-0.2056,4,0.254,0.3577,0.3212,0.1058,-1.86806504847137
"enemy_cold_iron_yeti@3","Cold-Iron Yeti","snow","warrior",4,3,"enemy",402,2184,1188,141,187,187,10206.3,0.544,0.5302,0.0137,16,0.4652,0.5755,0.5,0.0755,0.469198581099701
"enemy_company_captain","Company Captain","clear","mage",5,1,"enemy",138,828,130.5,6,31,31,8567.6,0.1576,0.1522,0.0054,2.5198,0.2246,0.1268,0,0.1268,-0.0789422011243166
"enemy_company_captain@2","Company Captain","clear","mage",5,2,"enemy",336,1992,689.5,50,90,90,9316.6,0.3461,0.3163,0.0299,5.0397,0.2679,0.3569,0,0.0467,0.175224022145151
"enemy_company_captain@3","Company Captain","clear","mage",5,3,"enemy",210,1080,476.5,34,102,102,10531.1,0.4412,0.5833,-0.1421,20.1587,0.4857,0.4306,0,0.0833,-1.60912660652213
"enemy_company_guard","Company Guard","clear","bruiser",4,1,"enemy",360,1956,858.5,96,95,95,9040.6,0.4389,0.316,0.123,2,0.2639,0.4509,0,0.0859,1.63410015297438
"enemy_company_guard@2","Company Guard","clear","bruiser",4,2,"enemy",270,1518,724,101,65,65,9060.6,0.4769,0.5217,-0.0448,4,0.2407,0.502,0,0.0534,-0.154284876857014
"enemy_company_guard@3","Company Guard","clear","bruiser",4,3,"enemy",186,1050,536,61,70,70,10275.4,0.5105,0.4686,0.0419,16,0.3763,0.5,0,0.0686,0.769749581345502
"enemy_conscript","Conscript","clear","warrior",1,1,"enemy",294,1698,628.5,44,122,122,9556.9,0.3701,0.3322,0.038,1,0.415,0.3905,0,0.0459,0.232628536790025
"enemy_conscript@2","Conscript","clear","warrior",1,2,"enemy",306,1590,751,109,95,95,9752.9,0.4723,0.4755,-0.0031,2,0.3105,0.4604,0,0.0981,-0.237306054285803
"enemy_conscript@3","Conscript","clear","warrior",1,3,"enemy",138,828,415.5,79,10,10,8118.4,0.5018,0.6594,-0.1576,8,0.0725,0.5254,0,0.0543,-2.00384849519129
"enemy_crossbow_levy","Crossbow Levy","clear","marksman",2,1,"enemy",144,780,340,45,33,33,8633.7,0.4359,0.4231,0.0128,1.2599,0.2292,0.3923,0,0.1154,-0.070594297583273
"enemy_crossbow_levy@2","Crossbow Levy","clear","marksman",2,2,"enemy",372,2004,1056.5,148,63,63,8366.9,0.5272,0.4431,0.0841,2.5198,0.1694,0.5374,0,0.0659,0.98094611001158
"enemy_crossbow_levy@3","Crossbow Levy","clear","marksman",2,3,"enemy",294,1632,667.5,112,51,51,8537.3,0.409,0.3787,0.0303,10.0794,0.1735,0.4173,0,0.0257,0.187497667815183
"enemy_drained_stalker","Drained Stalker","mist","mage",4,1,"enemy",252,1446,693,82,51,51,8402.1,0.4793,0.5062,-0.027,2,0.2024,0.5332,0.4876,0.0996,0.035424619752038
"enemy_drained_stalker@2","Drained Stalker","mist","mage",4,2,"enemy",336,1596,610.5,79,72,72,8434.7,0.3825,0.5226,-0.14,4,0.2143,0.3835,0.3778,0.0132,-1.1689109486088
"enemy_drained_stalker@3","Drained Stalker","mist","mage",4,3,"enemy",246,1416,801.5,100,61,61,8728.9,0.566,0.6525,-0.0865,16,0.248,0.5551,0.5297,0.0614,-0.598716675092826
"enemy_dredge_hulk","Dredge-Hulk","rain","bruiser",7,1,"enemy",132,798,520,48,55,55,10055.1,0.6516,0.8045,-0.1529,4,0.4167,0.6466,0.5865,0.1391,-1.88955757830694
"enemy_dredge_hulk@2","Dredge-Hulk","rain","bruiser",7,2,"enemy",222,1104,615.5,95,84,84,9889.8,0.5575,0.5217,0.0358,8,0.3784,0.5489,0.5652,0.0598,0.313344771955913
"enemy_dredge_hulk@3","Dredge-Hulk","rain","bruiser",7,3,"enemy",336,1890,1243.5,151,167,167,10309.7,0.6579,0.6984,-0.0405,32,0.497,0.7095,0.6159,0.0968,-0.577388928759803
"enemy_drowned_siren","Drowned Siren","rain","mage",4,1,"enemy",192,1116,283.5,19,48,48,8823.2,0.254,0.4194,-0.1653,2,0.25,0.2554,0.2231,0.0538,-1.43855422187896
"enemy_drowned_siren@2","Drowned Siren","rain","mage",4,2,"enemy",468,2424,787,105,66,66,8132.2,0.3247,0.297,0.0276,4,0.141,0.3416,0.3181,0.0532,0.617342513844972
"enemy_drowned_siren@3","Drowned Siren","rain","mage",4,3,"enemy",252,1386,608.5,62,95,95,9885.5,0.439,0.4416,-0.0025,16,0.377,0.5043,0.4545,0.1407,0.296541623511688
"enemy_field_chaplain","Field Chaplain","clear","mage",3,1,"enemy",288,1668,616,59,100,100,9318.6,0.3693,0.3489,0.0204,1.5874,0.3472,0.3651,0,0.0737,0.0535464532747459
"enemy_field_chaplain@2","Field Chaplain","clear","mage",3,2,"enemy",270,1524,866.5,132,50,50,8685.8,0.5686,0.563,0.0056,3.1748,0.1852,0.5906,0,0.0551,-0.113376692941814
"enemy_field_chaplain@3","Field Chaplain","clear","mage",3,3,"enemy",390,2124,900,83,151,151,9714.5,0.4237,0.4294,-0.0056,12.6992,0.3872,0.4322,0,0.0636,-0.239696911700292
"enemy_field_medic","Field Medic","clear","mage",2,1,"enemy",198,1026,376.5,44,60,60,8705.4,0.367,0.3684,-0.0015,1.2599,0.303,0.3538,0,0.0877,-0.281492303594583
"enemy_field_medic@2","Field Medic","clear","mage",2,2,"enemy",222,1254,359,39,49,49,8919.7,0.2863,0.1962,0.0901,2.5198,0.2207,0.2871,0,0.055,1.06943478386248
"enemy_field_medic@3","Field Medic","clear","mage",2,3,"enemy",198,1140,725.5,73,71,71,8975.1,0.6364,0.7316,-0.0952,10.0794,0.3586,0.6316,0,0.0395,-1.66339042689946
"enemy_flood_tyrant","Flood Tyrant","rain","hybrid",10,1,"enemy",318,1602,808,121,72,72,8611,0.5044,0.4232,0.0811,8,0.2264,0.4738,0.5056,0.0637,0.93216890297834
"enemy_flood_tyrant@2","Flood Tyrant","rain","hybrid",10,2,"enemy",102,570,358,53,19,19,8424.2,0.6281,0.4105,0.2175,16,0.1863,0.5842,0.6368,0.0526,2.24586811980377
"enemy_flood_tyrant@3","Flood Tyrant","rain","hybrid",10,3,"enemy",252,1356,995,160,67,67,8992,0.7338,0.8673,-0.1335,64,0.2659,0.7987,0.7235,0.1438,-1.13469218155785
"enemy_frost_sovereign","Frost Sovereign","snow","hybrid",10,1,"enemy",192,1020,540.5,35,116,116,10903.5,0.5299,0.3941,0.1358,8,0.6042,0.5147,0.55,0.0882,1.45899696133868
"enemy_frost_sovereign@2","Frost Sovereign","snow","hybrid",10,2,"enemy",138,798,518.5,75,31,31,9702.1,0.6497,0.6992,-0.0495,16,0.2246,0.6278,0.6541,0.0677,-0.325669203454218
"enemy_frost_sovereign@3","Frost Sovereign","snow","hybrid",10,3,"enemy",150,894,607,93,32,32,9262.5,0.679,0.6174,0.0615,64,0.2133,0.6678,0.6913,0.0302,0.743396874754158
"enemy_glacier_goliath","Glacier Goliath","snow","warrior",7,1,"enemy",114,594,238,22,54,54,10430.6,0.4007,0.3737,0.0269,4,0.4737,0.404,0.3737,0.1111,0.209445297036256
"enemy_glacier_goliath@2","Glacier Goliath","snow","warrior",7,2,"enemy",228,1326,695.5,73,89,89,9951.1,0.5245,0.5249,-4e-04,8,0.3904,0.5452,0.4864,0.0611,-0.109257586706065
"enemy_glacier_goliath@3","Glacier Goliath","snow","warrior",7,3,"enemy",276,1410,906,109,161,161,10540.1,0.6426,0.617,0.0255,32,0.5833,0.6468,0.6787,0.0872,0.193101559408445
"enemy_grand_marshal","Grand Marshal","clear","warrior",10,1,"enemy",228,1266,704.5,100,43,43,8794.3,0.5565,0.5782,-0.0217,8,0.1886,0.5284,0,0.0924,-0.057921122605634
"enemy_grand_marshal@2","Grand Marshal","clear","warrior",10,2,"enemy",300,1782,1240,180,57,57,9093.4,0.6958,0.6768,0.0191,16,0.19,0.6953,0,0.0303,0.335032895330418
"enemy_grand_marshal@3","Grand Marshal","clear","warrior",10,3,"enemy",198,1038,988.5,180,18,18,7670.2,0.9523,0.9827,-0.0303,64,0.0909,0.9509,0,0.0087,-0.140749665601959
"enemy_gunslinger","Gunslinger","clear","marksman",5,1,"enemy",192,1128,471.5,47,51,51,8835.7,0.418,0.3564,0.0616,2.5198,0.2656,0.4122,0,0.0505,0.504083992661156
"enemy_gunslinger@2","Gunslinger","clear","marksman",5,2,"enemy",180,1002,424,59,36,36,9538.8,0.4232,0.4371,-0.014,5.0397,0.2,0.4162,0,0.0719,-0.280200353427487
"enemy_gunslinger@3","Gunslinger","clear","marksman",5,3,"enemy",228,1428,949.5,134,56,56,9126.8,0.6649,0.5336,0.1313,20.1587,0.2456,0.6555,0,0.084,1.22716096253389
"enemy_heavy_knight","Heavy Knight","clear","warrior",4,1,"enemy",240,1530,982,103,95,95,9588.8,0.6418,0.6431,-0.0013,2,0.3958,0.6569,0,0.0863,0.309331027777467
"enemy_heavy_knight@2","Heavy Knight","clear","warrior",4,2,"enemy",252,1494,868.5,89,91,91,9618.2,0.5813,0.4177,0.1637,4,0.3611,0.5924,0,0.0241,2.06787411432205
"enemy_heavy_knight@3","Heavy Knight","clear","warrior",4,3,"enemy",282,1734,944,108,115,115,10201.8,0.5444,0.5779,-0.0334,16,0.4078,0.5606,0,0.0519,-0.0327855363321154
"enemy_hexblade_officer","Hexblade Officer","clear","assassin",6,1,"enemy",240,1470,668,80,67,67,9185.6,0.4544,0.5265,-0.0721,3.1748,0.2792,0.449,0,0.0633,-1.0363171282261
"enemy_hexblade_officer@2","Hexblade Officer","clear","assassin",6,2,"enemy",366,1770,877.5,108,118,118,9405.4,0.4958,0.4508,0.0449,6.3496,0.3224,0.4949,0,0.0475,0.898303188800605
"enemy_hexblade_officer@3","Hexblade Officer","clear","assassin",6,3,"enemy",252,1338,870,101,127,127,10261.5,0.6502,0.704,-0.0538,25.3984,0.504,0.6771,0,0.0717,-0.733722668383462
"enemy_hierarch","Hierarch","clear","mage",8,1,"enemy",96,558,218,28,10,10,8339.6,0.3907,0.3871,0.0036,5.0397,0.1042,0.3978,0,0.0753,-0.0959082335631589
"enemy_hierarch@2","Hierarch","clear","mage",8,2,"enemy",192,1194,623,55,111,111,10816.4,0.5218,0.4271,0.0946,10.0794,0.5781,0.5226,0,0.0804,0.814275350309694
"enemy_hierarch@3","Hierarch","clear","mage",8,3,"enemy",240,1434,978.5,91,138,138,10886.6,0.6824,0.9038,-0.2214,40.3175,0.575,0.6862,0,0.0481,-2.3463621497323
"enemy_hollowed_wisp","Hollowed Wisp","mist","assassin",3,1,"enemy",156,936,226,15,33,33,8681.8,0.2415,0.3782,-0.1368,1.5874,0.2115,0.25,0.2372,0.0769,-1.71944804572817
"enemy_hollowed_wisp@2","Hollowed Wisp","mist","assassin",3,2,"enemy",192,1158,329.5,40,33,33,8170.1,0.2845,0.3368,-0.0522,3.1748,0.1719,0.3083,0.2902,0.0648,-0.765279250463244
"enemy_hollowed_wisp@3","Hollowed Wisp","mist","assassin",3,3,"enemy",150,894,386.5,41,51,51,9651.3,0.4323,0.4362,-0.0039,12.6992,0.34,0.3826,0.4094,0.0872,-0.220523307067308
"enemy_inquisitor","Inquisitor","clear","hybrid",6,1,"enemy",90,486,251,41,18,18,9084.1,0.5165,0.4815,0.035,3.1748,0.2,0.5741,0,0.142,0.734604546590653
"enemy_inquisitor@2","Inquisitor","clear","hybrid",6,2,"enemy",156,960,326,51,32,32,8349.8,0.3396,0.3063,0.0333,6.3496,0.2051,0.3312,0,0.0938,0.706494678736419
"enemy_inquisitor@3","Inquisitor","clear","hybrid",6,3,"enemy",300,1752,1136,124,132,132,9837.5,0.6484,0.7911,-0.1427,25.3984,0.44,0.625,0,0.0702,-2.20370340499606
"enemy_iron_collared_hound","Iron-Collared Hound","snow","warrior",3,1,"enemy",156,762,231.5,23,44,44,8833.4,0.3038,0.2047,0.0991,1.5874,0.2821,0.2795,0.3228,0.063,0.941171561872263
"enemy_iron_collared_hound@2","Iron-Collared Hound","snow","warrior",3,2,"enemy",366,1956,686.5,86,72,72,9054.8,0.351,0.4571,-0.1061,3.1748,0.1967,0.3773,0.3236,0.0567,-1.37319530323842
"enemy_iron_collared_hound@3","Iron-Collared Hound","snow","warrior",3,3,"enemy",156,1014,468.5,49,52,52,9809.9,0.462,0.2959,0.1662,12.6992,0.3333,0.4852,0.4172,0.071,1.69796501532707
"enemy_iron_maiden","Iron Maiden","clear","bruiser",7,1,"enemy",222,1242,660,59,120,120,10540.7,0.5314,0.5217,0.0097,4,0.5405,0.5628,0,0.0604,0.00865080618028841
"enemy_iron_maiden@2","Iron Maiden","clear","bruiser",7,2,"enemy",252,1398,814,103,78,78,9585.5,0.5823,0.5579,0.0243,8,0.3095,0.6052,0,0.1223,0.179092641441749
"enemy_iron_maiden@3","Iron Maiden","clear","bruiser",7,3,"enemy",282,1518,949,137,108,108,10124.3,0.6252,0.6047,0.0204,32,0.383,0.6364,0,0.1047,0.133563658049989
"enemy_levyman","Levyman","clear","warrior",1,1,"enemy",486,2694,1299,140,147,147,9110.9,0.4822,0.3942,0.088,1,0.3025,0.48,0,0.0401,0.804325119607333
"enemy_levyman@2","Levyman","clear","warrior",1,2,"enemy",180,918,279.5,36,47,47,9181.9,0.3045,0.3007,0.0038,2,0.2611,0.281,0,0.1176,-0.158411925857014
"enemy_levyman@3","Levyman","clear","warrior",1,3,"enemy",252,1398,644.5,82,63,63,9542.9,0.461,0.3433,0.1177,8,0.25,0.4807,0,0.0708,1.14391288980081
"enemy_lord_commander","Lord Commander","clear","warrior",7,1,"enemy",258,1350,404.5,55,68,68,9008.2,0.2996,0.4578,-0.1581,4,0.2636,0.3156,0,0.0578,-1.95026288949595
"enemy_lord_commander@2","Lord Commander","clear","warrior",7,2,"enemy",132,708,224.5,37,35,35,9069.6,0.3171,0.2034,0.1137,8,0.2652,0.322,0,0.0424,1.22275702996056
"enemy_lord_commander@3","Lord Commander","clear","warrior",7,3,"enemy",240,1362,1104.5,167,53,53,8877,0.8109,0.6784,0.1325,32,0.2208,0.8062,0,0.0925,1.44223007810545
"enemy_maw_of_the_drowned","Maw of the Drowned","rain","hybrid",9,1,"enemy",378,2136,1171,99,174,174,10083.8,0.5482,0.4663,0.0819,6.3496,0.4603,0.5435,0.5772,0.052,0.970730969806114
"enemy_maw_of_the_drowned@2","Maw of the Drowned","rain","hybrid",9,2,"enemy",444,2556,1335.5,158,155,155,9617.4,0.5225,0.6009,-0.0784,12.6992,0.3491,0.5505,0.5106,0.0704,-0.575872869215493
"enemy_maw_of_the_drowned@3","Maw of the Drowned","rain","hybrid",9,3,"enemy",174,984,662.5,121,15,15,8467.1,0.6733,0.8354,-0.1621,50.7968,0.0862,0.7104,0.6128,0.125,-1.38342584068217
"enemy_picket","Picket","clear","marksman",1,1,"enemy",210,1218,533.5,49,48,48,8823.7,0.438,0.4089,0.0291,1,0.2286,0.3867,0,0.1034,0.130866545048544
"enemy_picket@2","Picket","clear","marksman",1,2,"enemy",180,1032,470,48,52,52,8973.5,0.4554,0.4767,-0.0213,2,0.2889,0.468,0,0.0669,-0.445403610431303
"enemy_picket@3","Picket","clear","marksman",1,3,"enemy",264,1488,671,84,61,61,8956.9,0.4509,0.5685,-0.1176,8,0.2311,0.4476,0,0.0685,-1.54649122893744
"enemy_pikeman","Pikeman","clear","warrior",2,1,"enemy",198,1134,381,28,80,80,9402.3,0.336,0.2011,0.1349,1.2599,0.404,0.3175,0,0.0661,1.73015021528253
"enemy_pikeman@2","Pikeman","clear","warrior",2,2,"enemy",246,1278,516.5,52,66,66,9565.3,0.4041,0.385,0.0192,2.5198,0.2683,0.3991,0,0.0962,0.0237936211910196
"enemy_pikeman@3","Pikeman","clear","warrior",2,3,"enemy",156,906,396.5,34,53,53,9501.3,0.4376,0.3113,0.1264,10.0794,0.3397,0.447,0,0.0596,1.60479126066042
"enemy_powder_sapper","Powder Sapper","clear","marksman",2,1,"enemy",180,984,486,67,30,30,7857.5,0.4939,0.3963,0.0976,1.2599,0.1667,0.4848,0,0.0427,1.1800456261761
"enemy_powder_sapper@2","Powder Sapper","clear","marksman",2,2,"enemy",240,1344,467.5,37,76,76,8809.8,0.3478,0.4152,-0.0673,2.5198,0.3167,0.3438,0,0.0402,-1.25191809349278
"enemy_powder_sapper@3","Powder Sapper","clear","marksman",2,3,"enemy",180,1140,408.5,49,33,33,8605.1,0.3583,0.3684,-0.0101,10.0794,0.1833,0.3579,0,0.2105,-0.408326069447539
"enemy_quarried_behemoth","Quarried Behemoth","cloudy","bruiser",9,1,"enemy",306,1698,775.5,112,67,67,9285.2,0.4567,0.4841,-0.0274,6.3496,0.219,0.4859,0.4311,0.0548,-0.0838155030888431
"enemy_quarried_behemoth@2","Quarried Behemoth","cloudy","bruiser",9,2,"enemy",192,942,656,120,29,29,8356.1,0.6964,0.6624,0.034,12.6992,0.151,0.7293,0.6879,0.0796,0.508582972993045
"enemy_quarried_behemoth@3","Quarried Behemoth","cloudy","bruiser",9,3,"enemy",282,1560,1015.5,166,77,77,9958.6,0.651,0.7,-0.049,50.7968,0.273,0.6712,0.6019,0.1365,-0.292216269918953
"enemy_quarry_crawler","Quarry Crawler","cloudy","warrior",3,1,"enemy",198,1110,377,47,61,61,9390.2,0.3396,0.3351,0.0045,1.5874,0.3081,0.4108,0.3595,0.173,-0.12578314299845
"enemy_quarry_crawler@2","Quarry Crawler","cloudy","warrior",3,2,"enemy",198,1164,512.5,56,53,53,9033.2,0.4403,0.5361,-0.0958,3.1748,0.2677,0.4356,0.4459,0.1108,-1.25702581634446
"enemy_quarry_crawler@3","Quarry Crawler","cloudy","warrior",3,3,"enemy",252,1404,806,144,19,19,8275.7,0.5741,0.5812,-0.0071,12.6992,0.0754,0.5534,0.5748,0.047,-0.256614798141159
"enemy_reaver_of_the_reach","Reaver of the Reach","cloudy","hybrid",7,1,"enemy",264,1488,810,122,42,42,8475.1,0.5444,0.625,-0.0806,4,0.1591,0.5605,0.506,0.0786,-1.04552027081354
"enemy_reaver_of_the_reach@2","Reaver of the Reach","cloudy","hybrid",7,2,"enemy",318,1764,853,124,65,65,8423.2,0.4836,0.432,0.0516,8,0.2044,0.534,0.4796,0.0816,0.49779552518407
"enemy_reaver_of_the_reach@3","Reaver of the Reach","cloudy","hybrid",7,3,"enemy",114,672,489,79,16,16,8875.1,0.7277,0.8214,-0.0938,32,0.1404,0.7634,0.7634,0.067,-1.19961836844719
"enemy_riflemaster","Riflemaster","clear","marksman",6,1,"enemy",234,1308,574.5,40,94,94,9865.2,0.4392,0.4541,-0.0149,3.1748,0.4017,0.422,0,0.0413,-0.0905027510130442
"enemy_riflemaster@2","Riflemaster","clear","marksman",6,2,"enemy",270,1596,796,106,76,76,8839.3,0.4987,0.4248,0.0739,6.3496,0.2815,0.5301,0,0.0545,1.37782446396107
"enemy_riflemaster@3","Riflemaster","clear","marksman",6,3,"enemy",336,1764,772.5,144,74,74,8355,0.4379,0.3639,0.074,25.3984,0.2202,0.4405,0,0.0306,1.37947798559955
"enemy_riven_frost_wyrm","Riven Frost-Wyrm","snow","hybrid",9,1,"enemy",216,1206,399.5,59,57,57,9483.5,0.3313,0.5672,-0.2359,6.3496,0.2639,0.3557,0.3682,0.0821,-2.09546179401838
"enemy_riven_frost_wyrm@2","Riven Frost-Wyrm","snow","hybrid",9,2,"enemy",96,570,339,43,35,35,10452,0.5947,0.4632,0.1316,12.6992,0.3646,0.6263,0.5842,0.0526,1.45024569718836
"enemy_riven_frost_wyrm@3","Riven Frost-Wyrm","snow","hybrid",9,3,"enemy",234,1338,796,103,94,94,10049.1,0.5949,0.7668,-0.1719,50.7968,0.4017,0.6525,0.491,0.1794,-1.47797804044768
"enemy_sergeant_at_arms","Sergeant-at-Arms","clear","bruiser",3,1,"enemy",312,1824,764,90,91,91,9301.6,0.4189,0.4704,-0.0515,1.5874,0.2917,0.4227,0,0.0461,-0.757384236790839
"enemy_sergeant_at_arms@2","Sergeant-at-Arms","clear","bruiser",3,2,"enemy",282,1494,706,87,74,74,9208.3,0.4726,0.4257,0.0469,3.1748,0.2624,0.4659,0,0.1145,0.352429113730073
"enemy_sergeant_at_arms@3","Sergeant-at-Arms","clear","bruiser",3,3,"enemy",264,1494,827,73,124,124,10352.5,0.5535,0.4618,0.0917,12.6992,0.4697,0.5743,0,0.0843,0.857709988763984
"enemy_shaftmaw","Shaftmaw","cloudy","assassin",5,1,"enemy",282,1644,541.5,40,83,83,8993.8,0.3294,0.2409,0.0885,2.5198,0.2943,0.3485,0.2445,0.1095,0.783148131679469
"enemy_shaftmaw@2","Shaftmaw","cloudy","assassin",5,2,"enemy",72,336,181,27,4,4,7661.5,0.5387,0.7143,-0.1756,5.0397,0.0556,0.4464,0.5536,0.1696,-1.95666001384977
"enemy_shaftmaw@3","Shaftmaw","cloudy","assassin",5,3,"enemy",222,1398,706.5,76,104,104,9753,0.5054,0.4549,0.0504,20.1587,0.4685,0.5386,0.485,0.0536,0.387893719166542
"enemy_shroud_killer","Shroud-Killer","mist","warrior",7,1,"enemy",120,558,219,24,53,53,9720.1,0.3925,0.2473,0.1452,4,0.4417,0.3011,0.4409,0.1398,1.59049112658631
"enemy_shroud_killer@2","Shroud-Killer","mist","warrior",7,2,"enemy",234,1296,721.5,86,63,63,8853.3,0.5567,0.5694,-0.0127,8,0.2692,0.5463,0.5556,0.0787,-0.252848995864692
"enemy_shroud_killer@3","Shroud-Killer","mist","warrior",7,3,"enemy",294,1632,960,150,52,52,8289.7,0.5882,0.6507,-0.0625,32,0.1769,0.5717,0.5386,0.1268,-0.834219091482552
"enemy_signal_drummer","Signal Drummer","clear","mage",1,1,"enemy",198,1020,436,33,100,100,9760.8,0.4275,0.5176,-0.0902,1,0.5051,0.4353,0,0.0676,-1.23320150155355
"enemy_signal_drummer@2","Signal Drummer","clear","mage",1,2,"enemy",210,1188,452,76,32,32,8979.4,0.3805,0.3384,0.0421,2,0.1524,0.404,0,0.0833,0.279507656581044
"enemy_signal_drummer@3","Signal Drummer","clear","mage",1,3,"enemy",246,1440,812.5,91,75,75,9340.2,0.5642,0.5708,-0.0066,8,0.3049,0.5771,0,0.0833,-0.277324815083014
"enemy_slag_sentinel","Slag Sentinel","cloudy","warrior",4,1,"enemy",288,1500,574,55,92,92,9048.8,0.3827,0.384,-0.0013,2,0.3194,0.404,0.338,0.104,0.309331027777467
"enemy_slag_sentinel@2","Slag Sentinel","cloudy","warrior",4,2,"enemy",138,762,315,20,65,65,10190.6,0.4134,0.3071,0.1063,4,0.471,0.4488,0.4567,0.063,1.4561142769423
"enemy_slag_sentinel@3","Slag Sentinel","cloudy","warrior",4,3,"enemy",228,1218,767,103,100,100,9822.2,0.6297,0.67,-0.0402,16,0.4386,0.6232,0.5419,0.1429,-0.105258827171528
"enemy_spymaster","Spymaster","clear","assassin",8,1,"enemy",282,1530,671,101,52,52,8749.6,0.4386,0.4627,-0.0242,5.0397,0.1844,0.4196,0,0.0333,-0.373964317427613
"enemy_spymaster@2","Spymaster","clear","assassin",8,2,"enemy",330,1812,928,129,78,78,8297.6,0.5121,0.5033,0.0088,10.0794,0.2364,0.5066,0,0.0215,-0.0438977430561388
"enemy_spymaster@3","Spymaster","clear","assassin",8,3,"enemy",204,960,605,119,49,49,8500.8,0.6302,0.8125,-0.1823,40.3175,0.2402,0.5938,0,0.1094,-1.95528326918913
"enemy_standard_bearer","Standard Bearer","clear","mage",3,1,"enemy",300,1656,555.5,47,76,76,8786.2,0.3354,0.2101,0.1253,1.5874,0.2533,0.3333,0,0.0562,1.23667064503942
"enemy_standard_bearer@2","Standard Bearer","clear","mage",3,2,"enemy",156,912,389,38,57,57,9375,0.4265,0.6053,-0.1787,3.1748,0.3654,0.4441,0,0.0658,-2.19202100697641
"enemy_standard_bearer@3","Standard Bearer","clear","mage",3,3,"enemy",312,1812,507,21,124,124,10107.6,0.2798,0.2483,0.0315,12.6992,0.3974,0.3046,0,0.0563,0.178738812937166
"enemy_steam_engineer","Steam Engineer","clear","mage",4,1,"enemy",324,1626,719.5,85,90,90,8853.3,0.4425,0.4133,0.0292,2,0.2778,0.441,0,0.0609,0.63439505286601
"enemy_steam_engineer@2","Steam Engineer","clear","mage",4,2,"enemy",342,2046,855.5,78,88,88,8732.2,0.4181,0.4399,-0.0217,4,0.2573,0.4443,0,0.0543,0.0919111552592276
"enemy_steam_engineer@3","Steam Engineer","clear","mage",4,3,"enemy",264,1506,766.5,108,62,62,8627.8,0.509,0.5896,-0.0807,16,0.2348,0.5259,0,0.0797,-0.536901221141562
"enemy_steam_knight","Steam Knight","clear","warrior",6,1,"enemy",240,1272,619,67,75,75,9480.6,0.4866,0.5849,-0.0983,3.1748,0.3125,0.4953,0,0.0778,-1.469539797509
"enemy_steam_knight@2","Steam Knight","clear","warrior",6,2,"enemy",90,516,262,26,21,21,8435.6,0.5078,0.4884,0.0194,6.3496,0.2333,0.4942,0,0.1221,0.476655170987093
"enemy_steam_knight@3","Steam Knight","clear","warrior",6,3,"enemy",384,2166,1422.5,213,68,68,8589.4,0.6567,0.5928,0.0639,25.3984,0.1771,0.6801,0,0.0457,1.21247230011263
"enemy_stone_warden","Stone Warden","cloudy","bruiser",10,1,"enemy",240,1182,430.5,61,71,71,9652.1,0.3642,0.2944,0.0698,8,0.2958,0.434,0.3553,0.1193,0.823336049971541
"enemy_stone_warden@2","Stone Warden","cloudy","bruiser",10,2,"enemy",264,1506,926.5,112,119,119,10127.4,0.6152,0.5458,0.0694,16,0.4508,0.6693,0.5896,0.0976,0.819483559599619
"enemy_stone_warden@3","Stone Warden","cloudy","bruiser",10,3,"enemy",372,2034,1516,200,172,172,10045.2,0.7453,0.8761,-0.1308,64,0.4624,0.7006,0.767,0.0693,-1.10868787154738
"enemy_storm_tyrant","Storm Tyrant","thunder","hybrid",10,1,"enemy",336,1812,952.5,138,62,62,8696.1,0.5257,0.4934,0.0323,8,0.1845,0.5679,0.5397,0.0679,0.462165077603846
"enemy_storm_tyrant@2","Storm Tyrant","thunder","hybrid",10,2,"enemy",150,756,448,64,51,51,9581.3,0.5926,0.4127,0.1799,16,0.34,0.6468,0.5873,0.1032,1.88373402484309
"enemy_storm_tyrant@3","Storm Tyrant","thunder","hybrid",10,3,"enemy",228,1212,936.5,165,45,45,8804.1,0.7727,0.8614,-0.0887,64,0.1974,0.8267,0.755,0.0965,-0.703213259902582
"enemy_stormhawk","Stormhawk","thunder","mage",4,1,"enemy",300,1602,700.5,85,99,99,9209.8,0.4373,0.5431,-0.1058,2,0.33,0.3933,0.4382,0.0899,-0.804412927034101
"enemy_stormhawk@2","Stormhawk","thunder","mage",4,2,"enemy",438,2448,794,100,102,102,8580.9,0.3243,0.4485,-0.1242,4,0.2329,0.3689,0.3407,0.0699,-1.00051712577604
"enemy_stormhawk@3","Stormhawk","thunder","mage",4,3,"enemy",186,1092,687,96,45,45,8986.3,0.6291,0.6813,-0.0522,16,0.2419,0.6429,0.5797,0.0714,-0.233152869829316
"enemy_stretcher_hand","Stretcher-Hand","clear","mage",1,1,"enemy",222,1158,395,38,59,59,8303.4,0.3411,0.3212,0.0199,1,0.2658,0.3368,0,0.101,0.0256743738101591
"enemy_stretcher_hand@2","Stretcher-Hand","clear","mage",1,2,"enemy",228,1344,439.5,49,47,47,8929.7,0.327,0.3259,0.0011,2,0.2061,0.3281,0,0.0603,-0.189283541329149
"enemy_stretcher_hand@3","Stretcher-Hand","clear","mage",1,3,"enemy",354,1896,906.5,104,110,110,9206.8,0.4781,0.3956,0.0825,8,0.3107,0.4937,0,0.0396,0.741438495497429
"enemy_sundered_lord","Sundered Lord","mist","hybrid",9,1,"enemy",204,1338,560.5,52,63,63,9917.3,0.4189,0.2466,0.1723,6.3496,0.3088,0.3857,0.4641,0.1323,1.84292677172472
"enemy_sundered_lord@2","Sundered Lord","mist","hybrid",9,2,"enemy",186,1092,545,64,51,51,9052.5,0.4991,0.5165,-0.0174,12.6992,0.2742,0.489,0.5247,0.0824,0.0126663334065784
"enemy_sundered_lord@3","Sundered Lord","mist","hybrid",9,3,"enemy",258,1518,921.5,101,125,125,10231.1,0.607,0.747,-0.14,50.7968,0.4845,0.6087,0.5652,0.0929,-1.17020098202729
"enemy_thunder_bull","Thunder Bull","thunder","warrior",7,1,"enemy",342,1914,949,129,70,70,8780.4,0.4958,0.442,0.0538,4,0.2047,0.4671,0.5266,0.0596,0.523478541456345
"enemy_thunder_bull@2","Thunder Bull","thunder","warrior",7,2,"enemy",216,1368,749.5,88,69,69,9182.8,0.5479,0.3509,0.197,8,0.3194,0.5504,0.5658,0.0351,2.19520941881533
"enemy_thunder_bull@3","Thunder Bull","thunder","warrior",7,3,"enemy",360,2004,1478.5,230,72,72,8172.7,0.7378,0.6647,0.0731,32,0.2,0.774,0.6961,0.0778,0.748788638754029
"enemy_veil_lord","Veil Lord","mist","hybrid",10,1,"enemy",222,1428,639,75,49,49,9012.5,0.4475,0.3824,0.0651,8,0.2207,0.4286,0.3845,0.1176,0.778069288101457
"enemy_veil_lord@2","Veil Lord","mist","hybrid",10,2,"enemy",174,996,527.5,78,38,38,9392,0.5296,0.5964,-0.0668,16,0.2184,0.5181,0.503,0.0392,-0.492289412039848
"enemy_veil_lord@3","Veil Lord","mist","hybrid",10,3,"enemy",384,2172,1462,209,109,109,9436,0.6731,0.768,-0.0948,64,0.2839,0.7003,0.6381,0.0856,-0.761963738074393
"enemy_voltaic_diviner","Voltaic Diviner","thunder","mage",5,1,"enemy",192,990,458.5,52,65,65,9438.3,0.4631,0.5455,-0.0823,2.5198,0.3385,0.5606,0.4636,0.1515,-0.98875353911339
"enemy_voltaic_diviner@2","Voltaic Diviner","thunder","mage",5,2,"enemy",180,948,592.5,92,31,31,7837.1,0.625,0.4557,0.1693,5.0397,0.1722,0.6424,0.6203,0.0348,1.62137796189061
"enemy_voltaic_diviner@3","Voltaic Diviner","thunder","mage",5,3,"enemy",306,1554,846.5,138,76,76,8489.5,0.5447,0.6795,-0.1348,20.1587,0.2484,0.5695,0.5405,0.0985,-1.53339544611939
