"stage","size","champ","enemy","sd_wr","timeout"
"2v2",2,0.500132222222222,0.504994074074074,0.268362624401113,0.150875694444444
"3v3",3,0.504763611111111,0.492379444444444,0.244292099845074,0.189259166666667
"4v4",4,0.500688640595903,0.491084907407407,0.255694444524339,0.212292200557103
"5v5",5,0.489483333333333,0.492882495344507,0.235245672820485,0.279471971830986
"6v6",6,0.502100374531835,0.502576271186441,0.244868472227995,0.284500985915493
"7v7",7,0.50809375,0.474782588454376,0.232373126150861,0.369841314553991
"8v8",8,0.518989904761905,0.486294632768362,0.221890108679115,0.398575994318182
"9v9",9,0.513233712121212,0.488631086142322,0.208843242995143,0.418241666666667
"10v10",10,0.503773275862069,0.484592045454545,0.209699039409506,0.441528952380952
