"stage","size","clear_base","own","counter","own_minus_counter","own_minus_clear","sensitivity"
"2v2",2,0.500000948766603,0.515180360531309,0.498198198847262,0.016982161684047,0.0151794117647058,0.107235555555556
"3v3",3,0.49999973628692,0.513447257383966,0.505566587112172,0.0078806702717944,0.0134475210970464,0.115389166666667
"4v4",4,0.500000238095238,0.505059642857143,0.498194133574007,0.00686550928313556,0.0050594047619047,0.0897612813370473
"5v5",5,0.500001202531646,0.507594873417722,0.504778393881453,0.0028164795362684,0.00759367088607599,0.126694929577465
"6v6",6,0.499999537037037,0.50727414021164,0.495047524752475,0.0122266154591649,0.00727460317460321,0.135248169014085
"7v7",7,0.500000068027211,0.507142244897959,0.502068491735537,0.00507375316242209,0.00714217687074836,0.124560563380282
"8v8",8,0.500000744047619,0.507811235119048,0.498865493757094,0.00894574136195336,0.0078104910714285,0.139715056818182
"9v9",9,0.5,0.508372070015221,0.486422550177096,0.021949519838125,0.00837207001522067,0.198564406779661
"10v10",10,0.499998412698413,0.505951428571428,0.503023216444982,0.00292821212644667,0.00595301587301578,0.171915428571429
