"name","affinity","role","tier","n_ctx","tot_matches","wd_pooled","wd_sd","wd_range","noise_sd","excess_sd"
"Company Captain","clear","support",5,54,1998,-0.0615663163163163,0.104847491281251,0.4147,0.0832178909314767,0.0216296003497744
"Storm Eagle","thunder","spellslinger",9,54,2088,0.0593885536398467,0.0661285408573008,0.3119,0.0545322979190657,0.0115962429382352
"Hierarch","clear","support",8,54,1968,-0.163869054878049,0.0931332503450752,0.3527,0.0819785667249663,0.0111546836201089
"Hierarch","clear","support",8,54,2076,0.0358829479768786,0.0918065973560272,0.4927,0.0816555802948013,0.0101510170612259
"Mournhollow, the Pale Stag","mist","mage",10,54,2394,0.041563074352548,0.0514541357435738,0.218,0.0438946513698073,0.00755948437376641
"Company Guard","clear","tank",4,54,2580,-0.0618204263565892,0.0803660319445716,0.3584,0.0731858777850301,0.00718015415954142
"Glade Heron","rain","marksman",8,54,2202,0.0458655313351499,0.0621915243510142,0.2484,0.0552583880699949,0.00693313628101923
"Aegis Tortoise","clear","tank",5,54,2070,-0.0294699516908213,0.0878825496162395,0.3299,0.0812259876286871,0.00665656198755249
"Thunderhoof Colt","thunder","spellblade",2,54,2334,0.0152030419880034,0.0814336500002135,0.3046,0.0753772863073945,0.00605636369281901
"Cliffeyrie Eagle","cloudy","spellslinger",9,54,1722,-0.0688185830429733,0.0810418763195194,0.2841,0.0787213110032832,0.0023205653162362
"Reedbank Otter","rain","swashbuckler",2,54,2526,-0.0227606492478226,0.0754985828010201,0.3211,0.073425835398295,0.00207274740272509
"Veilfang Wolf","mist","swashbuckler",8,54,2166,0.0609481994459834,0.0594336484092976,0.3417,0.0576173691364274,0.00181627927287014
"Flood Tyrant","rain","mage",10,54,2802,-0.03319289793005,0.0524877239604507,0.2742,0.0510184079850262,0.00146931597542444
"Coral Colossus","rain","tank",5,54,2484,0.0301891304347826,0.0740005589441226,0.29,0.0735076967286567,0.000492862215465947
"Glacierback Mammoth","snow","bruiser",7,54,2898,0.00380655624568668,0.068107295884779,0.2804,0.0683979965701107,-0.000290700685331755
"Voltaic Diviner","thunder","marksman",5,54,2424,-0.0895278465346535,0.075107644232097,0.3728,0.0756795997569928,-0.000571955524895779
"Umbra, the Mountain's Shadow","cloudy","marksman",10,54,2196,0.0286869307832423,0.0541145921811938,0.2857,0.0548840400480116,-0.000769447866817846
"Shaftmaw","cloudy","assassin",5,54,2628,-0.0283541095890411,0.0708852975269605,0.2912,0.0717743461095124,-0.000889048582551968
"Sundered Lord","mist","spellblade",9,54,2976,-0.0524193212365591,0.0569213576258926,0.2899,0.0599883377827786,-0.00306698015688594
"Riptide Caiman","rain","assassin",9,54,2130,0.0345,0.0638154163310273,0.3234,0.0675831786972958,-0.00376776236626845
"Shroud-Killer","mist","swashbuckler",7,54,2028,-0.0308218441814596,0.074477560797058,0.3262,0.0782747829364912,-0.00379722213943323
"Nerei, the Floodmother","rain","mage",10,54,2472,0.0095003640776699,0.0448964193982832,0.2456,0.0490332063308461,-0.00413678693256288
"Glacier Goliath","snow","tank",7,54,2394,0.000634711779448621,0.0705000328997687,0.236,0.0756921635999039,-0.00519213070013516
"Frostquill Porcupine","snow","marksman",9,54,2178,0.0188215794306703,0.073999522452008,0.2778,0.0792956765710009,-0.00529615411899288
"Hollowed Wisp","mist","assassin",3,54,2118,-0.0167680358829084,0.0736403784487056,0.3163,0.0791185543495602,-0.00547817590085459
"Drained Stalker","mist","spellslinger",4,54,2328,-0.0146054553264605,0.0683476828263462,0.3145,0.073995091919412,-0.00564740909306582
"Grand Marshal","clear","swashbuckler",10,54,2754,0.0194223311546841,0.0385002098318042,0.1632,0.0445379307038316,-0.00603772087202741
"Voltmane Jackal","thunder","spellslinger",7,54,2604,-0.0695137864823349,0.0638393877854477,0.2738,0.0700925538421893,-0.0062531660567416
"Iceclaw Lynx","snow","swashbuckler",6,54,2358,0.0926697201017812,0.0610941168220755,0.3234,0.067369737887025,-0.00627562106494953
"Spymaster","clear","assassin",8,54,2394,-0.0632894319131161,0.0609274432647969,0.2446,0.0672276344061164,-0.00630019114131948
"Frost Sovereign","snow","spellblade",10,54,2172,0.0115080570902394,0.0710538102089692,0.2957,0.0774483231375955,-0.00639451292862635
"Caged Banshee","mist","support",5,54,2190,0.0520532420091324,0.0697103056785715,0.3056,0.0761285036290002,-0.00641819795042867
"Torrent Heron","rain","mage",3,54,2598,-0.0246328714395689,0.0663177500915492,0.2628,0.0731023900909586,-0.00678463999940938
"Coppercrest Stork","thunder","support",4,54,2670,-0.100561498127341,0.0658374233651243,0.2791,0.0730373801024091,-0.00719995673728478
"Hierarch","clear","support",8,54,2394,-0.00834912280701755,0.0686165207410892,0.2515,0.0759274493910861,-0.00731092864999693
"Snowpelt Cub","snow","tank",1,54,1980,0.0474691414141414,0.0766491195484049,0.292,0.0839994702645655,-0.00735035071616066
"Thunder Bull","thunder","support",7,54,2166,-0.00115941828254848,0.0634637074396735,0.3522,0.0713387806672358,-0.00787507322756227
"Spectral Heron","mist","marksman",9,54,2310,0.0142784415584416,0.0471871326946611,0.266,0.0550942424393219,-0.00790710974466084
"Steam Engineer","clear","mage",4,54,2490,-0.127306144578313,0.0649544004896285,0.2045,0.0729593510999821,-0.00800495061035357
"Inquisitor","clear","tank",6,54,2472,-0.0139499595469256,0.0662653163585742,0.2864,0.0744290235049525,-0.00816370714637828
"Lostlight Wisp","mist","support",1,54,2718,0.0607069168506255,0.0624243481215227,0.2545,0.0707958291828304,-0.00837148106130768
"Riven Frost-Wyrm","snow","spellblade",9,54,2154,0.0199663881151346,0.0721334398276187,0.3067,0.0805478821662993,-0.00841444233868063
"Picket","clear","swashbuckler",1,54,1878,-0.00718620873269436,0.0737352332928925,0.2857,0.0829538242507574,-0.00921859095786492
"Hoarfrost Owl","snow","support",4,54,2220,-0.077928018018018,0.0717822000988177,0.2826,0.0811058420008591,-0.00932364190204145
"Phantom Lynx","mist","swashbuckler",3,54,2346,0.0373007246376812,0.0668121119800354,0.2887,0.0761868285770585,-0.00937471659702314
"Permafrost Walrus","snow","mage",3,54,2202,-0.0122662125340599,0.0666546078769641,0.2466,0.076652062860389,-0.00999745498342489
"Nightglass Mantis","cloudy","assassin",8,54,2166,0.00299935364727609,0.0591743707900669,0.2696,0.0691729378053578,-0.00999856701529086
"Hollow Elk","mist","tank",4,54,2016,-0.0148816468253968,0.0722979449755302,0.3162,0.0823609704353417,-0.0100630254598115
"Hollowed Wisp","mist","assassin",3,54,2202,-0.0179396457765668,0.0671926384212102,0.2725,0.0773183373827946,-0.0101256989615843
"Riflemaster","clear","marksman",6,54,2334,0.0113624678663239,0.0645747108947469,0.2651,0.0747260951106921,-0.0101513842159452
"Granite Gorilla","cloudy","tank",6,54,2532,-0.0426528436018957,0.0616981484993581,0.2491,0.0720094606096634,-0.0103113121103053
"Phantom Lynx","mist","swashbuckler",3,54,2292,-0.0026184554973822,0.0644598285598368,0.2718,0.0748073253623881,-0.0103474968025513
"Thunderhoof Colt","thunder","spellblade",2,54,2544,0.00884308176100629,0.0579241844751096,0.2587,0.0685466751121504,-0.0106224906370408
"Grovekeeper Tapir","rain","tank",4,54,2958,-0.00253921568627451,0.0573241906174526,0.2201,0.0684383653801281,-0.0111141747626755
"Cold-Iron Yeti","snow","bruiser",4,54,2454,-0.00754502852485738,0.0643284423727508,0.293,0.075506144402183,-0.0111777020294322
"Frost Sovereign","snow","spellblade",10,54,2274,-0.0474846965699208,0.0498799653603032,0.2071,0.0611818823294967,-0.0113019169691935
"Company Guard","clear","tank",4,54,2820,0.0148931205673759,0.0566098287538362,0.234,0.0680079567992401,-0.011398128045404
"Veil Lord","mist","spellblade",10,54,2760,0.00634583333333333,0.0584807314113547,0.2592,0.0699373951675829,-0.0114566637562282
"Hollow Elk","mist","tank",4,54,2808,0.0185127492877493,0.0562882987806605,0.2627,0.06820000973909,-0.0119117109584296
"Frostquill Porcupine","snow","marksman",9,54,2304,0.0114948784722222,0.0445669248405381,0.2087,0.0566022239876774,-0.0120352991471392
"Arcanist","clear","mage",9,54,2268,0.0820119047619048,0.0656694347124655,0.2744,0.0777379356440526,-0.0120685009315871
"Reedbank Otter","rain","swashbuckler",2,54,2328,-0.00343612542955326,0.0641823697431531,0.285,0.0762605892415957,-0.0120782194984427
"Boulderhide Skink","cloudy","mage",3,54,2154,0.0222820334261838,0.0676511746883925,0.3275,0.07978919288298,-0.0121380181945875
"Drowned Siren","rain","mage",4,54,1944,-0.0835913065843621,0.0728333363811949,0.2858,0.0854180156871727,-0.0125846793059778
"Borealis, the Pale Aurora","snow","mage",10,54,2412,-3.89718076285296e-06,0.0406398420183077,0.1624,0.0533760683930641,-0.0127362263747564
"Battlemage","clear","spellslinger",5,54,3198,-0.108809443402126,0.0537008752338213,0.2354,0.0664634718626733,-0.012762596628852
"Veilfang Wolf","mist","swashbuckler",8,54,3006,0.0781671324018629,0.055024636388389,0.2366,0.0678667776860826,-0.0128421412976936
"Lostlight Wisp","mist","support",1,54,2544,0.0446123034591195,0.0600796185083001,0.2397,0.0730007198099056,-0.0129211013016054
"Dusk Bat","cloudy","support",2,54,2238,0.0297118409294012,0.0643825853048332,0.2428,0.0775196408102254,-0.0131370555053922
"Gunslinger","clear","marksman",5,54,2514,0.0143204852824185,0.0607041632801388,0.2679,0.0738615329608657,-0.0131573696807269
"Standard Bearer","clear","support",3,54,2250,-0.0217775111111111,0.0652656738162897,0.2326,0.0786926675316578,-0.0134269937153681
"Goldcrest Lark","clear","mage",4,54,2526,0.0172249406175772,0.0597426099967561,0.2506,0.0732587354835868,-0.0135161254868307
"Powder Sapper","clear","support",2,54,2982,-0.0015047619047619,0.0534803547187066,0.2789,0.0670022619967388,-0.0135219072780322
"Crossbow Levy","clear","marksman",2,54,2586,-0.000576063418406806,0.0589365331308255,0.2724,0.0724933741477922,-0.0135568410169667
"Riflemaster","clear","marksman",6,54,2196,0.0341587887067395,0.0660014433812266,0.2819,0.0796632853300622,-0.0136618419488355
"Geode Beetle","cloudy","support",4,54,2424,-0.0181492574257426,0.0610766547481455,0.202,0.0748149111447158,-0.0137382563965703
"Will-o-Fawn","mist","mage",2,54,2142,-0.0312880018674136,0.0666098605376416,0.3005,0.0803655750418186,-0.0137557145041769
"Marshghast Boar","mist","bruiser",7,54,2694,-0.0881542316258352,0.0560466010986749,0.2651,0.0698316143636102,-0.0137850132649353
"Goldcrest Lark","clear","mage",4,54,2214,-0.0709214995483288,0.0657145241832245,0.2417,0.079672548378898,-0.0139580241956735
"Glade Heron","rain","marksman",8,54,2370,-0.0221569620253165,0.0613888593712714,0.2369,0.0754347626588585,-0.0140459032875871
"Signal Drummer","clear","support",1,54,2694,-0.0534510022271715,0.0568096319362547,0.2139,0.0709292492732086,-0.0141196173369539
"Umbra, the Mountain's Shadow","cloudy","marksman",10,54,2148,0.0505110800744879,0.0649496936695777,0.2623,0.079089054207199,-0.0141393605376212
"Glacierback Mammoth","snow","bruiser",7,54,2508,0.0259204146730462,0.0613151215337267,0.2299,0.0754591654319013,-0.0141440438981747
"Goldhide Rhino","clear","tank",7,54,2652,-0.00716504524886878,0.0572392385826351,0.2626,0.0714273831827375,-0.0141881446001024
"Umbra, the Mountain's Shadow","cloudy","marksman",10,54,2064,0.0872104166666667,0.0678190736232309,0.2887,0.0820115894586037,-0.0141925158353729
"Quarry Crawler","cloudy","support",3,54,2412,0.0443590381426202,0.060763060457453,0.25,0.0751434943003674,-0.0143804338429144
"Sergeant-at-Arms","clear","bruiser",3,54,2928,0.0256200136612022,0.0536190369428378,0.2193,0.0682128487018179,-0.01459381175898
"Levyman","clear","tank",1,54,2394,-0.00313049289891395,0.0592420917599801,0.2916,0.0739396139377633,-0.0146975221777832
"Marsh Thrush","rain","support",6,54,1932,0.0341624741200828,0.0640822942756767,0.3373,0.0788565449051172,-0.0147742506294405
"Wintermoth","snow","support",2,54,2310,0.00779419913419913,0.0629068056740778,0.2547,0.0776887570630454,-0.0147819513889676
"Iron Maiden","clear","tank",7,54,2448,0.0124555964052288,0.0607359221542085,0.2146,0.0757079847153668,-0.0149720625611582
"Iron Maiden","clear","tank",7,54,2508,-0.0657966507177034,0.055154764752528,0.25,0.0702314155592577,-0.0150766508067296
"Archmagus Imperator","clear","mage",9,54,2334,-0.00728397600685518,0.0621733369063159,0.2736,0.0773848813917867,-0.0152115444854708
"Quarried Behemoth","cloudy","bruiser",9,54,2184,-0.0787567765567766,0.055560427782703,0.2334,0.0709114652181796,-0.0153510374354765
"Lord Commander","clear","tank",7,54,2340,0.0179583333333333,0.0565098685410024,0.2637,0.0720547525090508,-0.0155448839680484
"Dredge-Hulk","rain","bruiser",7,54,2556,-0.0954580203442879,0.0561690508318845,0.3158,0.0717466438537315,-0.0155775930218469
"Storm Tyrant","thunder","spellblade",10,54,2136,-0.0515006086142322,0.0437374520754132,0.1682,0.0593668433373364,-0.0156293912619232
"Aerion, the Skybreaker","thunder","spellblade",10,54,2016,-0.0843181547619048,0.0528463962348219,0.2041,0.0687181072758403,-0.0158717110410185
"Nerei, the Floodmother","rain","mage",10,54,2442,0.0634775184275184,0.0586511047356867,0.2398,0.0747017962030453,-0.0160506914673586
"Reaver of the Reach","cloudy","spellslinger",7,54,2490,-0.0427755421686747,0.054065783820525,0.2445,0.0701809911298426,-0.0161152073093176
"Sparkfly","thunder","support",1,54,2634,0.00493382687927107,0.0565677633567603,0.2532,0.072785932398792,-0.0162181690420317
"Frostplate Tortoise","snow","tank",5,54,2760,-0.0199241304347826,0.0540888205147666,0.2064,0.0703494491670054,-0.0162606286522388
"Riptide Caiman","rain","assassin",9,54,2328,0.0163178264604811,0.060141225797823,0.2621,0.076404976112188,-0.016263750314365
"Aegis Tortoise","clear","tank",5,54,2124,0.0148399246704331,0.0625381037685813,0.2289,0.0788192548004897,-0.0162811510319084
"Sundered Lord","mist","spellblade",9,54,2442,0.0333684684684685,0.0588648674996057,0.3042,0.0751925544610931,-0.0163276869614874
"Stone Warden","cloudy","tank",10,54,2712,-0.12591814159292,0.0460263180109344,0.2222,0.0623819957432255,-0.0163556777322911
"Sergeant-at-Arms","clear","bruiser",3,54,2160,-0.0400376851851852,0.0636705132361342,0.2538,0.0800756186857024,-0.0164051054495681
"Storm Tyrant","thunder","spellblade",10,54,2256,0.019284219858156,0.0617501472211863,0.3329,0.078218572826934,-0.0164684256057477
"Wintermoth","snow","support",2,54,2526,0.00573863816310372,0.0554600927508386,0.2168,0.0720820048601754,-0.0166219121093368
"Blight Lurker","rain","bruiser",3,54,2598,0.00962513471901463,0.0567594762843751,0.2216,0.0733835072502419,-0.0166240309658668
"Thunderhide Bison","thunder","bruiser",5,54,2142,-0.0252053221288515,0.0643668178172106,0.3285,0.0811065989498854,-0.0167397811326748
"Voltmane Jackal","thunder","spellslinger",7,54,2316,-0.017055829015544,0.0608212657653891,0.2857,0.0777375315124604,-0.0169162657470712
"Mirewarden Toad","rain","tank",7,54,2340,-0.118801965811966,0.0592334309876014,0.2808,0.0761577767301486,-0.0169243457425472
"Thunder Bull","thunder","support",7,54,2820,0.0315651063829787,0.0537955863308192,0.1998,0.0707264644529228,-0.0169308781221035
"Frostfang Wolverine","snow","swashbuckler",8,54,2010,-0.0492476616915423,0.0599859922869641,0.289,0.0769193424285304,-0.0169333501415663
"Pebbleback Pangolin","cloudy","tank",1,54,2490,-0.00583180722891566,0.0556737590443785,0.3096,0.072731405253923,-0.0170576462095445
"Boulderhide Skink","cloudy","mage",3,54,2268,0.033294708994709,0.061190820298147,0.2564,0.0783664472584195,-0.0171756269602726
"Thunderhoof Colt","thunder","spellblade",2,54,2112,0.0170549715909091,0.0627133983701391,0.2651,0.0800193480040673,-0.0173059496339281
"Iceclaw Lynx","snow","swashbuckler",6,54,2292,0.0460252617801047,0.0605292319992158,0.2515,0.0778597757129685,-0.0173305437137527
"Archmagus Imperator","clear","mage",9,54,2352,-0.0382620323129252,0.0451998310580076,0.2089,0.0626658771610789,-0.0174660461030713
"Cold-Iron Yeti","snow","bruiser",4,54,2388,0.0255492881072027,0.0575303984492057,0.2476,0.0750431188041755,-0.0175127203549698
"Avalanche Engine","snow","mage",5,54,2070,0.00627724637681159,0.0621880792990933,0.2458,0.0797879932089585,-0.0175999139098653
"Iron-Collared Hound","snow","swashbuckler",3,54,2562,0.0158034348165496,0.0556990951430587,0.217,0.0737120676672273,-0.0180129725241685
"Riven Frost-Wyrm","snow","spellblade",9,54,2610,-0.0308388122605364,0.0385838921700202,0.1925,0.0565972593660194,-0.0180133671959992
"Quarry Crawler","cloudy","support",3,54,1992,-0.00426862449799197,0.0635446895088383,0.24,0.0816821386583771,-0.0181374491495388
"Geode Beetle","cloudy","support",4,54,3252,0.0141415436654367,0.0452167623318176,0.1806,0.0636683562405794,-0.0184515939087618
"Storm Eagle","thunder","spellslinger",9,54,2460,0.0180902032520325,0.056899281768862,0.2691,0.0753812499879871,-0.0184819682191251
"Steam Engineer","clear","mage",4,54,2640,-0.0462088636363636,0.0519227141739868,0.1871,0.0704425085878405,-0.0185197944138537
"Sunspear Falcon","clear","marksman",9,54,2952,-0.0201548780487805,0.036544792140238,0.1808,0.0550772881519477,-0.0185324960117096
"Thunderclap Gorilla","thunder","bruiser",8,54,2478,-0.00363563357546408,0.0551365723233565,0.2595,0.0736930245459895,-0.0185564522226331
"Goldcrest Lark","clear","mage",4,54,2532,0.0254787519747235,0.0536195082542264,0.2318,0.0723774693550095,-0.0187579611007831
"Veil Lord","mist","spellblade",10,54,3060,-0.0687886928104575,0.0357763548305011,0.1453,0.054678745557408,-0.0189023907269068
"Duskstep Marten","cloudy","swashbuckler",5,54,2406,0.0496712385702411,0.0544072384283129,0.2554,0.0736076013179514,-0.0192003628896385
"Will-o-Fawn","mist","mage",2,54,2634,-0.040805960516325,0.0503082497315082,0.226,0.0695261832246962,-0.019217933493188
"Fogveil Moth","mist","support",5,54,2226,0.0323451033243486,0.0607322032973636,0.2713,0.0800195778240267,-0.019287374526663
"Stormhawk","thunder","spellslinger",4,54,2514,-0.0266557279236277,0.0527719214839045,0.1909,0.0726879813239341,-0.0199160598400296
"Brineblight Berserker","rain","bruiser",5,54,2646,0.0141737339380197,0.0538477300256459,0.2168,0.0737785681797176,-0.0199308381540717
"Geode Beetle","cloudy","support",4,54,2022,-0.0684941147378833,0.0632234229278113,0.2162,0.0832540198039133,-0.0200305968761021
"Lostlight Wisp","mist","support",1,54,2376,0.0982680555555556,0.0555729233411114,0.2377,0.0757094218374694,-0.0201364984963579
"Conscript","clear","swashbuckler",1,54,2334,-0.0162781062553556,0.0520893625695348,0.2083,0.0723444892791101,-0.0202551267095754
"Heavy Knight","clear","tank",4,54,2586,-0.0576224671307038,0.0516298160552688,0.2088,0.0721565601709429,-0.0205267441156741
"Eclipse Jaguar","cloudy","spellblade",7,54,2760,0.0538105797101449,0.0500517817773176,0.2042,0.0707331377378611,-0.0206813559605434
"Riflemaster","clear","marksman",6,54,2280,0.0239064035087719,0.0527449572151372,0.2302,0.073442312376567,-0.0206973551614298
"Gunslinger","clear","marksman",5,54,2598,0.0103911855273287,0.0468968744317355,0.2725,0.0677031137493636,-0.0208062393176282
"Pikeman","clear","tank",2,54,2172,-0.0266994475138122,0.054773606544686,0.2072,0.0756964519259216,-0.0209228453812355
"Grand Marshal","clear","swashbuckler",10,54,2412,0.046227943615257,0.055144753417132,0.2149,0.0762186519784448,-0.0210738985613128
"Shroud-Killer","mist","swashbuckler",7,54,2310,-0.0114739393939394,0.0574005816642154,0.3125,0.0785835799142552,-0.0211829982500397
"Caged Storm-Drake","thunder","spellblade",9,54,2652,-0.0699497360482655,0.0457898541465893,0.2082,0.0671092972981894,-0.0213194431516
"Aurion, the First Dawn","clear","spellblade",10,54,2466,-0.142947566909976,0.0408376474725893,0.1678,0.0621619009705338,-0.0213242534979445
"Sunspear Falcon","clear","marksman",9,54,1800,-0.00249977777777778,0.0666902804008996,0.3052,0.0880719902721286,-0.021381709871229
"Tempest Eel","thunder","spellslinger",6,54,2346,-0.00276875532821824,0.0555606787171279,0.2917,0.0769878475461759,-0.021427168829048
"Voltscale Mamba","thunder","assassin",3,54,3084,-0.0338852464332036,0.0440942372316433,0.2597,0.0657369477442378,-0.0216427105125945
"Duskstep Marten","cloudy","swashbuckler",5,54,2082,0.00887487992315081,0.0601520303174085,0.2286,0.0819433038815627,-0.0217912735641543
"Frostfang Wolverine","snow","swashbuckler",8,54,2478,-0.010494390637611,0.0521822869394392,0.2776,0.0739807083256403,-0.0217984213862011
"Aerion, the Skybreaker","thunder","spellblade",10,54,2646,0.0153009448223734,0.0503868160825327,0.2075,0.0722544247901981,-0.0218676087076654
"Wintermoth","snow","support",2,54,2562,0.0202974238875878,0.0504287704698398,0.1912,0.0723989326757287,-0.0219701622058889
"Hollowed Wisp","mist","assassin",3,54,2658,-0.018625583145222,0.0506402775732525,0.2351,0.0728405613626307,-0.0222002837893782
"Steam Engineer","clear","mage",4,54,3114,-0.0150974309569685,0.0406386704362463,0.1763,0.0629528906460238,-0.0223142202097775
"Mirage Caracal","clear","assassin",8,54,2508,-0.00239445773524721,0.0436325925331658,0.1947,0.0660510750454987,-0.0224184825123329
"Field Chaplain","clear","support",3,54,2250,0.00889053333333333,0.0545772116398614,0.214,0.0769958715538716,-0.0224186599140102
"Voltmane Jackal","thunder","spellslinger",7,54,2556,-0.0109602112676056,0.0513443757690806,0.1983,0.0739020996039039,-0.0225577238348232
"Flood Tyrant","rain","mage",10,54,2688,0.0243725446428571,0.0494478801102114,0.2338,0.0720454628241641,-0.0225975827139527
"Powder Sapper","clear","support",2,54,2550,-0.051173137254902,0.0513668437727805,0.2518,0.0740171858468053,-0.0226503420740248
"Stone Warden","cloudy","tank",10,54,3174,0.0130835538752363,0.0433621013573472,0.192,0.0661474110950154,-0.0227853097376682
"Standard Bearer","clear","support",3,54,2406,0.0151762676641729,0.050135114261329,0.2009,0.0729530223656131,-0.022817908104284
"Marshghast Boar","mist","bruiser",7,54,2652,0.0322365384615385,0.0485237686056221,0.2272,0.0713995362961573,-0.0228757676905351
"Spymaster","clear","assassin",8,54,2346,0.0110774936061381,0.054264207821505,0.2306,0.0772276430323746,-0.0229634352108696
"Riven Frost-Wyrm","snow","spellblade",9,54,2226,-0.00201495956873315,0.0568255378975279,0.2653,0.0798075607774976,-0.0229820228799697
"Phantom Lynx","mist","swashbuckler",3,54,2736,0.0294212719298246,0.0467542201162055,0.2145,0.069942523887319,-0.0231883037711135
"Duskstep Marten","cloudy","swashbuckler",5,54,2208,-0.0129059329710145,0.0538821271735733,0.241,0.0770837066630853,-0.0232015794895119
"Cannoneer","clear","marksman",8,54,2736,0.0451347953216374,0.047376237070848,0.2191,0.0706189669442609,-0.0232427298734129
"Frost Sovereign","snow","spellblade",10,54,2730,0.0344318681318681,0.0480764293358216,0.2067,0.0715157156605445,-0.0234392863247229
"Blight Lurker","rain","bruiser",3,54,2316,0.0101426597582038,0.0512574050643164,0.1972,0.0749669034296897,-0.0237094983653733
"Boulderhide Skink","cloudy","mage",3,54,2316,0.0364858808290155,0.051902986960276,0.2599,0.075649024118374,-0.023746037158098
"Drowned Siren","rain","mage",4,54,3348,-0.0155401135005974,0.0388622052698242,0.1722,0.062625741994587,-0.0237635367247628
"Quarried Behemoth","cloudy","bruiser",9,54,2592,0.0327934413580247,0.0490735197717332,0.1898,0.0729192445696799,-0.0238457247979468
"Nightglass Mantis","cloudy","assassin",8,54,2610,0.00498509578544061,0.0497283104695462,0.2076,0.0735826516522751,-0.023854341182729
"Slag Sentinel","cloudy","tank",4,54,2298,-0.0267580069625762,0.0534382411880026,0.2462,0.0773831398887924,-0.0239448987007898
"Drained Stalker","mist","spellslinger",4,54,2214,-0.0191983739837398,0.0558714800485208,0.2554,0.0798803430965191,-0.0240088630479982
"Iron Maiden","clear","tank",7,54,2784,-0.0014375,0.0457316201263653,0.1872,0.0697657349829741,-0.0240341148566087
"Thunderclap Gorilla","thunder","bruiser",8,54,1872,-0.0197659722222222,0.0499752981846912,0.2355,0.0740490910552914,-0.0240737928706002
"Glade Heron","rain","marksman",8,54,2388,0.00711670854271357,0.052032644064042,0.2361,0.0761560716539682,-0.0241234275899262
"Wraithorn Stag","mist","bruiser",6,54,1788,-0.0441902125279642,0.0614299995334864,0.259,0.0857307759678179,-0.0243007764343315
"Frostplate Tortoise","snow","tank",5,54,2040,0.0203411274509804,0.0535644528353682,0.237,0.0778868239359268,-0.0243223711005586
"Levyman","clear","tank",1,54,2622,-0.00304923722349352,0.0464151174176572,0.2016,0.0707434973578871,-0.0243283799402299
"Avalanche Engine","snow","mage",5,54,2844,0.0137178270042194,0.0444054931527808,0.2414,0.0689235410604383,-0.0245180479076575
"Wraithorn Stag","mist","bruiser",6,54,1932,0.0274202898550725,0.0590366239131523,0.2408,0.0836487324456853,-0.024612108532533
"Battlemage","clear","spellslinger",5,54,2310,0.00151666666666667,0.050997627431161,0.2121,0.0756500752823237,-0.0246524478511627
"Grand Marshal","clear","swashbuckler",10,54,2568,0.0533556464174455,0.0477060411499316,0.1967,0.0724437587539028,-0.0247377176039712
"Coppercrest Stork","thunder","support",4,54,2160,0.00440310185185185,0.0541727706356383,0.2198,0.0790255920649802,-0.0248528214293419
"Hexblade Officer","clear","assassin",6,54,2106,0.032994824311491,0.0498697590223789,0.2304,0.0750109770521954,-0.0251412180298165
"Caged Storm-Drake","thunder","spellblade",9,54,2580,0.0207320542635659,0.04696016132419,0.2366,0.0722252405968077,-0.0252650792726177
"Hexblade Officer","clear","assassin",6,54,2598,0.0392598537336413,0.0477648669073739,0.1865,0.0731941221074567,-0.0254292552000828
"Fogveil Moth","mist","support",5,54,2058,-0.067055296404276,0.0556564454135243,0.2478,0.081103532393689,-0.0254470869801648
"Dusk Bat","cloudy","support",2,54,2922,0.01745106091718,0.0414234149881234,0.1763,0.066882577539324,-0.0254591625512006
"Ember Salamander","clear","mage",3,54,2034,0.0855418387413963,0.0553593889214086,0.2225,0.0808198237174927,-0.0254604347960841
"Aurion, the First Dawn","clear","spellblade",10,54,2184,0.000229578754578754,0.0532939259282725,0.2346,0.0787662082852877,-0.0254722823570152
"Veldt Pronghorn","clear","tank",2,54,2460,0.00751780487804878,0.0490885741683401,0.2152,0.0745797453918996,-0.0254911712235595
"Caged Banshee","mist","support",5,54,2400,0.06500425,0.0495209029798276,0.2558,0.0750705057585322,-0.0255496027787046
"Slag Sentinel","cloudy","tank",4,54,2178,0.0048228650137741,0.0520939232708171,0.2581,0.0776437555009135,-0.0255498322300964
"Steam Knight","clear","tank",6,54,1830,0.0286889071038251,0.057621135432516,0.2586,0.0832373724898619,-0.0256162370573459
"Snowpelt Cub","snow","tank",1,54,1860,-0.0137030107526882,0.0590949120089367,0.2293,0.0847614831461357,-0.025666571137199
"Hoarfrost Owl","snow","support",4,54,2616,-0.0133872324159021,0.0471984199540949,0.1914,0.0730139588956027,-0.0258155389415077
"Drowned Siren","rain","mage",4,54,2460,-0.0136143495934959,0.046558519621802,0.1591,0.0724757071202501,-0.0259171874984481
"Coral Colossus","rain","tank",5,54,2508,0.0470518341307815,0.0477830085044844,0.2361,0.0738658815449602,-0.0260828730404758
"Mirage Caracal","clear","assassin",8,54,2688,0.000559486607142857,0.0445706367299839,0.1627,0.0706726259470149,-0.026101989217031
"Springfrog","rain","support",1,54,1980,0.106569696969697,0.057273422370321,0.2714,0.083457869173229,-0.026184446802908
"Frostplate Tortoise","snow","tank",5,54,2778,-0.0392362850971922,0.0436989745332356,0.1886,0.0699069274976634,-0.0262079529644278
"Thunder Bull","thunder","support",7,54,2706,0.00185643015521064,0.0451294410533071,0.1962,0.0714375863705892,-0.026308145317282
"Eclipse Jaguar","cloudy","spellblade",7,54,2208,-0.0092758152173913,0.0478794053698931,0.2279,0.0742787475465633,-0.0263993421766702
"Voltaic Diviner","thunder","marksman",5,54,2856,-0.0104983893557423,0.0425168259351742,0.216,0.0689729900109527,-0.0264561640757784
"Sundered Lord","mist","spellblade",9,54,2286,0.0258062117235346,0.0527803303182265,0.2382,0.07927431914184,-0.0264939888236135
"Thunderhide Bison","thunder","bruiser",5,54,2328,-0.0141825171821306,0.0497477614307934,0.1981,0.0762770498744802,-0.0265292884436868
"Frostquill Porcupine","snow","marksman",9,54,2712,0.0446132005899705,0.045678791187897,0.2002,0.0723215497883697,-0.0266427586004728
"Company Captain","clear","support",5,54,2712,-0.00848196902654867,0.0428172141841189,0.1772,0.0695879120292143,-0.0267706978450953
"Mirewarden Toad","rain","tank",7,54,2196,-0.0138897540983607,0.051031386193269,0.2104,0.0778054813575737,-0.0267740951643048
"Arcanist","clear","mage",9,54,2214,0.0975617434507678,0.0493128481862253,0.2037,0.0762629961219378,-0.0269501479357125
"Field Medic","clear","support",2,54,2496,-0.0114177884615385,0.0466685312278849,0.1768,0.0736586075357918,-0.0269900763079069
"Voltscale Mamba","thunder","assassin",3,54,2316,-0.0487880829015544,0.0494826988269502,0.2138,0.076595268467003,-0.0271125696400529
"Blight Lurker","rain","bruiser",3,54,2388,0.034123743718593,0.0457834977901882,0.1958,0.0729866104293633,-0.0272031126391751
"Storm Eagle","thunder","spellslinger",9,54,2244,-0.00423511586452763,0.0508074858727383,0.1974,0.0782254369710803,-0.0274179510983421
"Spectral Heron","mist","marksman",9,54,2070,-5.3140096618357e-06,0.0538701213267735,0.2209,0.0813072879020069,-0.0274371665752334
"Aerion, the Skybreaker","thunder","spellblade",10,54,2388,0.0236533500837521,0.0484587329106901,0.1981,0.0762134126893209,-0.0277546797786307
"Veil Lord","mist","spellblade",10,54,1968,0.0203303861788618,0.0558997564920199,0.2903,0.0836957304579043,-0.0277959739658844
"Steam Knight","clear","tank",6,54,2430,0.0160440329218107,0.0466828191996467,0.2071,0.0745373796159143,-0.0278545604162677
"Standard Bearer","clear","support",3,54,2280,-0.00658127192982456,0.0481582909474442,0.1855,0.0760315304123571,-0.0278732394649129
"Torrent Heron","rain","mage",3,54,3006,0.0128058882235529,0.0366246373425304,0.1978,0.0645777073948931,-0.0279530700523627
"Fogveil Moth","mist","support",5,54,2460,0.00182939024390244,0.0481961025694011,0.2182,0.0762971580679906,-0.0281010554985895
"Brineblight Berserker","rain","bruiser",5,54,1950,0.0156385641025641,0.0538119053645552,0.2478,0.0821482860531829,-0.0283363806886277
"Borealis, the Pale Aurora","snow","mage",10,54,2286,0.066055905511811,0.0483348598513378,0.268,0.0767587830350362,-0.0284239231836984
"Caged Banshee","mist","support",5,54,2226,0.0698557053009883,0.05095446663057,0.2309,0.0794143196768796,-0.0284598530463096
"Company Captain","clear","support",5,54,2172,-0.0140351749539595,0.0505293838653231,0.1884,0.0789937789613936,-0.0284643950960706
"Pikeman","clear","tank",2,54,2406,0.00768740648379052,0.0486168453423904,0.2748,0.0771814394686791,-0.0285645941262887
"Iron-Collared Hound","snow","swashbuckler",3,54,1908,-0.0172969077568134,0.0546246675399972,0.2378,0.083318291077497,-0.0286936235374998
"Cold-Iron Yeti","snow","bruiser",4,54,2328,0.0171774054982818,0.0486071785402084,0.2296,0.0773353788576706,-0.0287282003174622
"Coral Colossus","rain","tank",5,54,2676,0.0317661434977579,0.0411628913227456,0.1799,0.0698923152633378,-0.0287294239405921
"Heavy Knight","clear","tank",4,54,2130,0.0338005633802817,0.0494363232453692,0.219,0.0781952360779752,-0.028758912832606
"Shaftmaw","cloudy","assassin",5,54,2364,0.0165010575296108,0.049254404096575,0.1875,0.0780646418899256,-0.0288102377933506
"Spymaster","clear","assassin",8,54,2760,0.0445620289855072,0.0415016784217849,0.1699,0.070369873342594,-0.0288681949208091
"Storm Tyrant","thunder","spellblade",10,54,2202,0.00272543142597638,0.0508407363283498,0.2147,0.0797719709542609,-0.0289312346259111
"Pebbleback Pangolin","cloudy","tank",1,54,1836,-0.00136116557734205,0.0574807950361495,0.2834,0.0866025757797202,-0.0291217807435707
"Dawnwisp","clear","support",1,54,2532,0.0586451816745656,0.044566072818367,0.1875,0.0737865923819766,-0.0292205195636097
"Quarried Behemoth","cloudy","bruiser",9,54,2598,-0.025985103926097,0.0437906190786624,0.1797,0.0730282695621714,-0.0292376504835091
"Reaver of the Reach","cloudy","spellslinger",7,54,2304,-0.011285546875,0.0479465309503167,0.1825,0.0772226760426039,-0.0292761450922872
"Field Medic","clear","support",2,54,1770,0.00508237288135593,0.0563742720400162,0.2596,0.0856703273844244,-0.0292960553444082
"Capture-Rig Wolf","thunder","swashbuckler",3,54,2418,-0.00930736145574855,0.0439405870444658,0.2186,0.0734389513897446,-0.0294983643452787
"Steam Knight","clear","tank",6,54,1980,0.0189442424242424,0.0550975056923359,0.2267,0.0847139290482129,-0.029616423355877
"Goldhide Rhino","clear","tank",7,54,2718,-0.0391822295805739,0.0380617122712401,0.1373,0.0678080073230812,-0.0297462950518411
"Dusk Bat","cloudy","support",2,54,1890,-0.0119059259259259,0.0556512907841463,0.2495,0.0855164186157536,-0.0298651278316074
"Inquisitor","clear","tank",6,54,2388,-0.00293170016750419,0.0458790139814502,0.2083,0.0757817395662525,-0.0299027255848023
"Permafrost Walrus","snow","mage",3,54,2328,0.0408061855670103,0.0456636132134153,0.202,0.0755677957482768,-0.0299041825348615
"Sunmane Lion","clear","bruiser",6,54,2496,-0.0270431891025641,0.0431228071916247,0.1848,0.0731152465949568,-0.0299924394033321
"Marsh Thrush","rain","support",6,54,2706,0.0125716925351072,0.041201885696412,0.2085,0.0713645900714267,-0.0301627043750147
"Reaver of the Reach","cloudy","spellslinger",7,54,2646,0.0132239229024943,0.0419656823393857,0.1844,0.0722575887879993,-0.0302919064486135
"Hollow Elk","mist","tank",4,54,2196,0.00637194899817851,0.050158059334845,0.2321,0.0805032090196346,-0.0303451496847896
"Capture-Rig Wolf","thunder","swashbuckler",3,54,2472,0.0406524676375405,0.0434017278196333,0.1819,0.07381231366189,-0.0304105858422567
"Snowpelt Cub","snow","tank",1,54,2628,-0.00988713850837139,0.0414732350529113,0.1577,0.0718914259130135,-0.0304181908601023
"Torrent Heron","rain","mage",3,54,2700,-0.033887,0.0395197571484704,0.1641,0.0699500921885064,-0.0304303350400361
"Thunderhide Bison","thunder","bruiser",5,54,2556,-0.0160387323943662,0.0427918163708311,0.1843,0.0732387784066637,-0.0304469620358326
"Spectral Heron","mist","marksman",9,54,2910,-0.00446460481099656,0.0378949515370002,0.157,0.0683530310032023,-0.0304580794662021
"Springfrog","rain","support",1,54,1722,0.14343606271777,0.0548804326480185,0.2917,0.0856015098780055,-0.030721077229987
"Brineblight Berserker","rain","bruiser",5,54,3054,-0.00310599214145383,0.0347376595396033,0.1722,0.0656883121332243,-0.030950652593621
"Sparkfly","thunder","support",1,54,2226,0.0105539083557951,0.0469566278773938,0.1932,0.0779438677208758,-0.030987239843482
"Tempest Eel","thunder","spellslinger",6,54,2790,0.00878505376344086,0.0390119840366241,0.1767,0.0700147941386096,-0.0310028101019855
"Maw of the Drowned","rain","tank",9,54,1932,-0.138709316770186,0.0473937129050747,0.1763,0.0784545875806888,-0.0310608746756141
"Mirage Caracal","clear","assassin",8,54,2508,0.00857958532695375,0.0437994323824068,0.2115,0.0749100726267075,-0.0311106402443007
"Marsh Thrush","rain","support",6,54,2328,0.00429583333333333,0.0452005543749233,0.1915,0.0764100295151346,-0.0312094751402113
"Cannoneer","clear","marksman",8,54,2172,-0.0220934622467772,0.0405461954168655,0.173,0.0719452795863019,-0.0313990841694364
"Grovekeeper Tapir","rain","tank",4,54,2658,-0.0257627539503386,0.042789607838728,0.1968,0.0741984162308259,-0.031408808392098
"Caged Storm-Drake","thunder","spellblade",9,54,2712,0.0060804203539823,0.0403346357742157,0.1946,0.0717655942631691,-0.0314309584889534
"Stretcher-Hand","clear","support",1,54,2070,-0.0263235748792271,0.0448978178006335,0.1589,0.0763394820074217,-0.0314416642067882
"Shaftmaw","cloudy","assassin",5,54,2286,0.0343342957130359,0.042545340495844,0.2199,0.0740152742660017,-0.0314699337701577
"Maw of the Drowned","rain","tank",9,54,2520,-0.00277785714285714,0.0424693264866958,0.1793,0.0739418074232644,-0.0314724809365686
"Dredge-Hulk","rain","bruiser",7,54,2238,0.024577345844504,0.0474869323139248,0.25,0.0790092281080572,-0.0315222957941325
"Lord Commander","clear","tank",7,54,2178,0.00252741046831956,0.0480079213390091,0.2476,0.0796313611441289,-0.0316234398051198
"Arcanist","clear","mage",9,54,1956,0.0424378834355828,0.0311737985686224,0.1407,0.063078882645413,-0.0319050840767906
"Stormhawk","thunder","spellslinger",4,54,2190,-0.0230593607305936,0.0496299283837097,0.2018,0.0815404144551864,-0.0319104860714767
"Mirewarden Toad","rain","tank",7,54,2202,-0.015211217075386,0.045385272376124,0.1804,0.0774033857591057,-0.0320181133829817
"Pebbleback Pangolin","cloudy","tank",1,54,2772,-0.0238089826839827,0.038914174101565,0.241,0.0709420286040244,-0.0320278545024593
"Frostfang Wolverine","snow","swashbuckler",8,54,2466,0.0089212895377129,0.0430473893993993,0.1658,0.0752333960291449,-0.0321860066297456
"Slag Sentinel","cloudy","tank",4,54,2256,-0.00909778368794326,0.0458421964137662,0.2019,0.0780785556805304,-0.0322363592667642
"Cliffeyrie Eagle","cloudy","spellslinger",9,54,2262,-0.00706954022988506,0.0447671857022946,0.2297,0.07703132740029,-0.0322641416979954
"Nerei, the Floodmother","rain","mage",10,54,1560,0.0791700641025641,0.0583996856989786,0.2902,0.0906915521955037,-0.0322918664965251
"Coppercrest Stork","thunder","support",4,54,2154,-0.0357451253481894,0.0466035559483072,0.204,0.0789645288884506,-0.0323609729401434
"Wraithorn Stag","mist","bruiser",6,54,2130,-0.0232339436619718,0.0472013915003033,0.1716,0.0795794443718368,-0.0323780528715335
"Sunmane Lion","clear","bruiser",6,54,2226,-0.0186422731356694,0.0465112447740365,0.2037,0.078934736182239,-0.0324234914082025
"Powder Sapper","clear","support",2,54,2310,0.0199155411255411,0.0415824043502418,0.2065,0.0740683987244142,-0.0324859943741724
"Company Guard","clear","tank",4,54,2388,-0.0257493718592965,0.0425238323614055,0.1736,0.0750769028050441,-0.0325530704436387
"Capture-Rig Wolf","thunder","swashbuckler",3,54,2208,0.0267240942028985,0.0461569499639722,0.1755,0.0787548248617515,-0.0325978748977793
"Field Chaplain","clear","support",3,54,2346,-0.0115015345268542,0.044045210896655,0.1746,0.0766571423251766,-0.0326119314285215
"Sunspear Falcon","clear","marksman",9,54,2328,0.0216927405498282,0.0440257485155213,0.1798,0.0766632301975567,-0.0326374816820353
"Glacier Goliath","snow","tank",7,54,2280,-0.0535061403508772,0.0423683236423275,0.1857,0.0754226562405836,-0.0330543325982561
"Stretcher-Hand","clear","support",1,54,2070,0.0229384541062802,0.0458004284468976,0.2173,0.0794701684557281,-0.0336697400088304
"Avalanche Engine","snow","mage",5,54,1746,-0.00429851088201604,0.0557859685033828,0.2356,0.0895941498983072,-0.0338081813949244
"Tempest Eel","thunder","spellslinger",6,54,2310,-0.0666643722943723,0.0425039132287546,0.2156,0.0763620079839687,-0.0338580947552141
"Conscript","clear","swashbuckler",1,54,2262,-0.0676394783377542,0.0433125036548224,0.1789,0.077467329000624,-0.0341548253458016
"Lord Commander","clear","tank",7,54,2058,0.0204042274052478,0.0482798695956581,0.225,0.0825970267494245,-0.0343171571537664
"Nightglass Mantis","cloudy","assassin",8,54,2244,0.0294058377896613,0.0441694308834231,0.22,0.0787784347105132,-0.0346090038270901
"Dawnwisp","clear","support",1,54,2154,0.036903017641597,0.0445596795019791,0.1838,0.0792559778878961,-0.0346962983859171
"Signal Drummer","clear","support",1,54,2028,0.00912391518737673,0.0463672124203072,0.1964,0.0810783768535899,-0.0347111644332827
"Dawnwisp","clear","support",1,54,1914,0.0151578892371996,0.047325105319004,0.1859,0.0820506785686804,-0.0347255732496764
"Crossbow Levy","clear","marksman",2,54,2340,0.00598692307692308,0.0410346934716262,0.246,0.0757679249043826,-0.0347332314327564
"Glacierback Mammoth","snow","bruiser",7,54,2130,-0.0227635211267606,0.0415062266701082,0.1924,0.0764065773996466,-0.0349003507295385
"Ember Salamander","clear","mage",3,54,2250,-0.000440222222222222,0.0431943600736582,0.194,0.0780953295675613,-0.0349009694939031
"Cliffeyrie Eagle","cloudy","spellslinger",9,54,2424,0.01010800330033,0.0397924556091469,0.1699,0.0747227936712168,-0.0349303380620699
"Eclipse Jaguar","cloudy","spellblade",7,54,2712,0.0282043879056047,0.0361077489547755,0.1803,0.0710564411169652,-0.0349486921621897
"Hexblade Officer","clear","assassin",6,54,2430,0.0104898353909465,0.0399075540717464,0.1857,0.0748677403591778,-0.0349601862874314
"Borealis, the Pale Aurora","snow","mage",10,54,1884,0.119425318471338,0.0489420806910785,0.2229,0.0839068428160697,-0.0349647621249912
"Ember Salamander","clear","mage",3,54,2166,0.00853702677746999,0.0418707580944472,0.1986,0.0768444623086227,-0.0349737042141755
"Veilfang Wolf","mist","swashbuckler",8,54,2412,0.0225965174129353,0.0400527037260339,0.1872,0.0752845516574768,-0.0352318479314429
"Veldt Pronghorn","clear","tank",2,54,2610,0.0348689655172414,0.0373012609886534,0.1844,0.072734655197407,-0.0354333942087535
"Iron-Collared Hound","snow","swashbuckler",3,54,1872,0.00988162393162393,0.0514885317694446,0.1922,0.0872046589639478,-0.0357161271945032
"Dredge-Hulk","rain","bruiser",7,54,1746,-0.000574284077892325,0.054176730946356,0.2304,0.0898985119622978,-0.0357217810159418
"Glacier Goliath","snow","tank",7,54,2052,0.0282686159844055,0.0458172227872058,0.2415,0.0816532688820394,-0.0358360460948335
"Goldhide Rhino","clear","tank",7,54,2352,-0.0420894132653061,0.0407020446635276,0.172,0.0766237422736668,-0.0359216976101392
"Veldt Pronghorn","clear","tank",2,54,2076,0.0185423892100193,0.0475212518615836,0.2037,0.0834632157552196,-0.035941963893636
"Flood Tyrant","rain","mage",10,54,2250,0.0411148,0.0406784670155818,0.1822,0.0766505040316178,-0.035972037016036
"Hoarfrost Owl","snow","support",4,54,2574,0.034772027972028,0.036525157140299,0.1856,0.0724991651898139,-0.0359740080495149
"Sergeant-at-Arms","clear","bruiser",3,54,2970,-0.00437508417508418,0.0288193824849024,0.1604,0.0647979333897299,-0.0359785509048276
"Reedbank Otter","rain","swashbuckler",2,54,2322,0.0282063738156761,0.0380425907431543,0.2125,0.0741459073767749,-0.0361033166336206
"Voltaic Diviner","thunder","marksman",5,54,2664,-0.00863626126126126,0.0332009112743198,0.1444,0.0695044747710402,-0.0363035634967203
"Field Medic","clear","support",2,54,1908,-0.0133719077568134,0.0484502973958273,0.2181,0.0847877431970636,-0.0363374458012363
"Archmagus Imperator","clear","mage",9,54,2466,0.0474446066504461,0.038334641325767,0.2226,0.074796444474415,-0.036461803148648
"Mournhollow, the Pale Stag","mist","mage",10,54,2256,0.0999482712765958,0.0368439261022565,0.1667,0.0738793926154276,-0.0370354665131711
"Iceclaw Lynx","snow","swashbuckler",6,54,3000,0.00999873333333333,0.0293963433961134,0.1242,0.0667371503673264,-0.037340806971213
"Permafrost Walrus","snow","mage",3,54,2238,-0.00424700625558534,0.0408682216858422,0.1809,0.078235124840356,-0.0373669031545138
"Drained Stalker","mist","spellslinger",4,54,2694,-0.0204124721603563,0.0339582612103501,0.1605,0.0713461859490647,-0.0373879247387146
"Sunmane Lion","clear","bruiser",6,54,2448,-0.00571956699346405,0.0371245294018556,0.1434,0.0745763270071576,-0.037451797605302
"Riptide Caiman","rain","assassin",9,54,2142,0.0214740896358543,0.0415148906945607,0.214,0.0791162665136206,-0.0376013758190599
"Crossbow Levy","clear","marksman",2,54,2598,-0.0128908006158584,0.0332736851811307,0.169,0.0714372128053009,-0.0381635276241703
"Battlemage","clear","spellslinger",5,54,2244,-0.0387641711229947,0.038191585708967,0.1875,0.0764376652764055,-0.0382460795674385
"Sparkfly","thunder","support",1,54,2394,-0.00333705096073517,0.0345840729973731,0.1514,0.0732141314175013,-0.0386300584201282
"Thunderclap Gorilla","thunder","bruiser",8,54,2838,0.0228980267794221,0.0311671116308543,0.1455,0.0698656601081558,-0.0386985484773014
"Will-o-Fawn","mist","mage",2,54,2040,0.017403431372549,0.0419303717663101,0.2083,0.0808368768404315,-0.0389065050741214
"Maw of the Drowned","rain","tank",9,54,2652,-0.0395933634992459,0.0331585057256788,0.1392,0.0722552031931251,-0.0390966974674463
"Heavy Knight","clear","tank",4,54,2454,0.00284637326813366,0.0342741623984921,0.1528,0.0737656844219502,-0.0394915220234581
"Grovekeeper Tapir","rain","tank",4,54,2178,-0.0236414600550964,0.0386669534647684,0.1652,0.0784131476466,-0.0397461941818316
"Field Chaplain","clear","support",3,54,2514,0.0175072394590294,0.0329839175647225,0.1644,0.0728041663991232,-0.0398202488344007
"Mournhollow, the Pale Stag","mist","mage",10,54,2484,0.0819262077294686,0.0350594131329343,0.1827,0.0749379065061944,-0.0398784933732601
"Cannoneer","clear","marksman",8,54,2118,0.0214809726156752,0.0404971344140424,0.1918,0.0805401956077386,-0.0400430611936962
"Inquisitor","clear","tank",6,54,2046,-0.0811333333333333,0.0410930248275227,0.1801,0.0811985015284343,-0.0401054767009116
"Picket","clear","swashbuckler",1,54,2148,-0.0179193202979516,0.0386440267643777,0.2,0.0789757851038927,-0.040331758339515
"Granite Gorilla","cloudy","tank",6,54,2544,-0.0145454402515723,0.0312635359810576,0.1271,0.0721997783509435,-0.0409362423698859
"Stretcher-Hand","clear","support",1,54,2646,0.0100185563114135,0.0318416905538351,0.1651,0.0729457047791938,-0.0411040142253586
"Granite Gorilla","cloudy","tank",6,54,2298,-0.0117511314186249,0.0347202398820433,0.1505,0.0758956162545102,-0.0411753763724669
"Shroud-Killer","mist","swashbuckler",7,54,2262,-0.0289523430592396,0.0369142328200892,0.1367,0.0787060406935712,-0.041791807873482
"Aegis Tortoise","clear","tank",5,54,2100,0.0278539047619048,0.0372106651249148,0.2012,0.0799955035246226,-0.0427848383997078
"Gunslinger","clear","marksman",5,54,2064,0.0297926841085271,0.0374453579905924,0.1588,0.0803957062260066,-0.0429503482354142
"Conscript","clear","swashbuckler",1,54,2310,-0.067968658008658,0.0330265727385853,0.15,0.0759926977179153,-0.0429661249793299
"Voltscale Mamba","thunder","assassin",3,54,1692,0.0130011229314421,0.0465671818754049,0.206,0.0897791693504945,-0.0432119874750896
"Signal Drummer","clear","support",1,54,1416,-0.0155353107344633,0.0525043941829564,0.2635,0.0957649499813186,-0.0432605557983623
"Stormhawk","thunder","spellslinger",4,54,2064,0.00605847868217054,0.0397590040971114,0.1942,0.0831699939180478,-0.0434109898209364
"Stone Warden","cloudy","tank",10,54,2568,0.017520054517134,0.0301554169820534,0.1296,0.0735770169073286,-0.0434215999252753
"Springfrog","rain","support",1,54,2094,0.0632706781279847,0.0367023232873368,0.1619,0.0808336941154504,-0.0441313708281136
"Aurion, the First Dawn","clear","spellblade",10,54,1974,-0.00936990881458966,0.0364763959748614,0.1866,0.0833346327405101,-0.0468582367656486
"Levyman","clear","tank",1,54,1854,-0.0121260517799353,0.0392659473762494,0.1571,0.0866369529701107,-0.0473710055938614
"Picket","clear","swashbuckler",1,54,2604,-0.0119016129032258,0.0250513840080047,0.1368,0.0731399944205581,-0.0480886104125534
"Quarry Crawler","cloudy","support",3,54,1956,0.0235134969325153,0.0350423592901816,0.1816,0.0832422602729425,-0.0481999009827609
"Pikeman","clear","tank",2,54,2076,-0.00168973988439306,0.0298728738044239,0.1422,0.0784002814794752,-0.0485274076750512
"Marshghast Boar","mist","bruiser",7,54,2094,-0.0129,0.0274137469959015,0.1241,0.0808728162838147,-0.0534590692879131
