team_a,team_b,weather,outcome,duration_ticks,hp_remaining_a,hp_remaining_b,timed_out
champ_frostfang_wolverine@3|enemy_reaver_of_the_reach@3,enemy_lord_commander|enemy_stretcher_hand@2,cloudy,win,4140,5327,0,0
champ_boulderhide_skink|champ_sunspear_falcon@3,champ_glade_heron|enemy_standard_bearer,cloudy,win,3692,4100,0,0
champ_boulderhide_skink@2|enemy_picket@3,champ_nerei@3|enemy_steam_engineer@3,cloudy,loss,4503,0,4291,0
champ_phantom_lynx@2|enemy_company_captain@2,enemy_lord_commander|enemy_voltaic_diviner@3,cloudy,loss,4800,0,2227,0
enemy_archmagus_imperator@3|enemy_quarried_behemoth@2,enemy_shroud_killer@2|enemy_slag_sentinel,cloudy,win,4666,7272,0,0
champ_fogveil_moth@2|champ_riptide_caiman@3,champ_reedbank_otter@3|champ_thunderhide_bison@2,cloudy,win,5032,3124,0,0
champ_iceclaw_lynx@2|champ_tempest_eel@2,champ_permafrost_walrus@3|champ_will_o_fawn@2,cloudy,win,7200,0,0,0
champ_aerion|champ_tempest_eel@2,enemy_dredge_hulk@2|enemy_reaver_of_the_reach@2,cloudy,loss,7200,0,2478,0
champ_ember_salamander|enemy_steam_engineer@2,enemy_sundered_lord@2|enemy_voltaic_diviner@3,cloudy,loss,2400,0,3258,0
champ_phantom_lynx|champ_riptide_caiman@3,enemy_hexblade_officer|enemy_riven_frost_wyrm@3,cloudy,loss,7744,0,459,0
champ_sunmane_lion|enemy_sergeant_at_arms,champ_wintermoth@3|enemy_archmagus_imperator,cloudy,loss,8582,0,1678,0
champ_pebbleback_pangolin@3|enemy_arcanist@2,champ_sunmane_lion@2|enemy_stormhawk@2,cloudy,win,4800,3502,0,0
champ_coral_colossus@2|enemy_field_chaplain@2,champ_goldhide_rhino|enemy_iron_maiden@2,cloudy,draw,12082,0,437,1
champ_dusk_bat@2|champ_voltmane_jackal@2,champ_phantom_lynx@2|enemy_sundered_lord@3,cloudy,loss,4882,0,4173,0
champ_sunspear_falcon|enemy_standard_bearer,enemy_picket|enemy_thunder_bull@2,cloudy,loss,6103,0,740,0
champ_geode_beetle|enemy_blight_lurker@3,champ_tempest_eel@2|enemy_drowned_siren@2,cloudy,win,7333,2630,0,0
champ_lostlight_wisp|enemy_voltaic_diviner,champ_wintermoth|enemy_company_guard,cloudy,draw,12022,407,0,1
champ_fogveil_moth@2|enemy_blight_lurker@2,champ_thunderhoof_colt|enemy_maw_of_the_drowned,cloudy,win,11899,783,0,0
champ_geode_beetle@2|champ_grovekeeper_tapir@3,champ_reedbank_otter|champ_sparkfly@3,cloudy,win,11780,4035,0,0
champ_cliffeyrie_eagle@2|champ_riptide_caiman,champ_veilfang_wolf@3|enemy_cannoneer@2,cloudy,loss,7529,0,3059,0
champ_eclipse_jaguar|champ_sunmane_lion@3,champ_permafrost_walrus|enemy_pikeman@3,cloudy,win,6667,2920,0,0
champ_frostplate_tortoise@3|champ_geode_beetle@2,champ_frostquill_porcupine@2|enemy_blight_lurker@3,cloudy,draw,12024,0,1939,1
champ_lostlight_wisp@3|enemy_battlemage,enemy_avalanche_engine|enemy_spymaster@2,cloudy,draw,12044,0,0,1
champ_marshghast_boar|enemy_iron_maiden,enemy_sergeant_at_arms@3|enemy_spymaster@2,cloudy,loss,10800,0,3477,0
champ_coral_colossus@3|enemy_stone_warden@3,champ_eclipse_jaguar@3|champ_mournhollow@3,cloudy,draw,12108,3782,0,1
champ_phantom_lynx@2|enemy_archmagus_imperator@3,enemy_cannoneer|enemy_quarry_crawler@2,cloudy,win,5149,3906,0,0
champ_lostlight_wisp|enemy_sundered_lord,enemy_company_guard|enemy_riflemaster@3,cloudy,loss,4564,0,4047,0
champ_hoarfrost_owl@2|enemy_field_chaplain,enemy_caged_storm_drake@2|enemy_standard_bearer@3,cloudy,loss,9058,0,3524,0
champ_storm_eagle@3|enemy_iron_maiden@3,enemy_conscript|enemy_quarry_crawler@3,cloudy,win,7030,8179,0,0
champ_lostlight_wisp@3|champ_sparkfly@3,enemy_blight_lurker@3|enemy_field_chaplain@3,cloudy,draw,12077,0,2327,1
champ_spectral_heron@3|enemy_maw_of_the_drowned@2,enemy_field_medic@3|enemy_iron_collared_hound,cloudy,win,7200,5468,0,0
champ_aegis_tortoise@2|enemy_drowned_siren@2,champ_storm_eagle@3|enemy_heavy_knight@2,cloudy,loss,4800,0,5760,0
champ_glade_heron|champ_thunderhoof_colt,champ_iceclaw_lynx@3|enemy_crossbow_levy,cloudy,loss,5379,0,3008,0
champ_sunmane_lion@2|enemy_iron_maiden@2,champ_wintermoth|enemy_standard_bearer@2,cloudy,win,6000,4315,0,0
champ_grovekeeper_tapir@3|champ_sunmane_lion,champ_spectral_heron|enemy_picket@3,cloudy,draw,12049,859,0,1
champ_dawnwisp|champ_glacierback_mammoth@3,champ_iceclaw_lynx|enemy_slag_sentinel,cloudy,win,7647,5715,0,0
champ_iceclaw_lynx|champ_nerei@3,champ_lostlight_wisp@2|enemy_battlemage@3,cloudy,win,4449,4523,0,0
champ_permafrost_walrus|champ_veilfang_wolf@3,enemy_heavy_knight|enemy_steam_knight@3,cloudy,draw,12000,196,0,1
champ_frostplate_tortoise@2|enemy_gunslinger,champ_grovekeeper_tapir@2|enemy_hexblade_officer@3,cloudy,loss,8066,0,3576,0
champ_nightglass_mantis|champ_veilfang_wolf,enemy_cannoneer|enemy_stormhawk@2,cloudy,win,5298,1103,0,0
champ_permafrost_walrus|enemy_company_guard,enemy_levyman|enemy_thunder_bull@3,cloudy,loss,5386,0,3898,0
champ_phantom_lynx@2|enemy_reaver_of_the_reach@2,champ_riptide_caiman|enemy_maw_of_the_drowned@2,cloudy,loss,4448,0,2002,0
champ_fogveil_moth@2|champ_frostfang_wolverine@2,champ_sparkfly|enemy_pikeman@3,cloudy,win,6952,1334,0,0
champ_goldcrest_lark@2|enemy_drowned_siren,champ_reedbank_otter@2|champ_spectral_heron,cloudy,loss,5283,0,1756,0
champ_aegis_tortoise|enemy_riven_frost_wyrm,enemy_iron_collared_hound@2|enemy_levyman,cloudy,win,10297,925,0,0
enemy_battlemage@3|enemy_steam_engineer@3,enemy_crossbow_levy@3|enemy_hollowed_wisp,cloudy,win,5981,1978,0,0
champ_borealis|champ_glade_heron,champ_voltmane_jackal|enemy_grand_marshal@2,cloudy,loss,7598,0,1870,0
champ_dusk_bat@3|champ_snowpelt_cub@3,champ_umbra@2|enemy_archmagus_imperator@3,cloudy,loss,7909,0,5385,0
champ_glacierback_mammoth|enemy_signal_drummer@3,champ_mirage_caracal@2|enemy_hexblade_officer@2,cloudy,loss,9798,0,401,0
champ_aerion|champ_ember_salamander,champ_duskstep_marten|enemy_slag_sentinel@3,cloudy,loss,6561,0,2530,0
champ_thunderhoof_colt@3|enemy_standard_bearer,enemy_hexblade_officer@2|enemy_sergeant_at_arms@3,cloudy,loss,9600,0,2374,0
champ_eclipse_jaguar@3|enemy_glacier_goliath@3,champ_goldhide_rhino@2|enemy_iron_collared_hound@3,cloudy,win,10239,5421,0,0
champ_marsh_thrush|champ_sunmane_lion,enemy_iron_collared_hound|enemy_sergeant_at_arms@2,cloudy,loss,10582,0,636,0
champ_cliffeyrie_eagle@2|champ_voltscale_mamba@2,champ_eclipse_jaguar@2|champ_riptide_caiman,cloudy,win,8000,0,0,0
champ_borealis@2|enemy_reaver_of_the_reach@2,champ_duskstep_marten@3|champ_will_o_fawn@3,cloudy,draw,12013,1396,0,1
champ_ember_salamander@3|enemy_drained_stalker@2,champ_frostquill_porcupine@3|enemy_lord_commander@3,cloudy,loss,4142,0,6565,0
champ_mournhollow@2|enemy_capture_rig_wolf@2,champ_sparkfly@2|enemy_flood_tyrant@3,cloudy,loss,7096,0,3920,0
champ_granite_gorilla@2|enemy_powder_sapper@2,enemy_flood_tyrant@3|enemy_quarried_behemoth@2,cloudy,loss,6766,0,7294,0
champ_duskstep_marten@2|champ_frostquill_porcupine@3,champ_will_o_fawn@3|enemy_cannoneer@3,cloudy,win,6000,2691,0,0
champ_permafrost_walrus@2|enemy_levyman,enemy_glacier_goliath@3|enemy_stormhawk,cloudy,loss,6986,0,2841,0
champ_dusk_bat|enemy_stormhawk@3,enemy_steam_engineer|enemy_steam_knight@2,cloudy,win,9600,332,0,0
champ_ember_salamander|enemy_hierarch@3,champ_snowpelt_cub@2|champ_tempest_eel@2,cloudy,draw,12058,1838,0,1
champ_aurion@2|enemy_levyman,champ_dawnwisp@2|enemy_steam_knight,cloudy,win,8666,2062,0,0
champ_goldhide_rhino@3|enemy_stone_warden@2,enemy_frost_sovereign|enemy_lord_commander@3,cloudy,draw,12081,2952,0,1
champ_goldcrest_lark@2|enemy_cannoneer@3,champ_snowpelt_cub|enemy_stretcher_hand,cloudy,win,3934,4432,0,0
champ_aegis_tortoise@2|enemy_blight_lurker@3,champ_duskstep_marten|champ_marsh_thrush,cloudy,win,7634,4494,0,0
enemy_arcanist@2|enemy_company_guard,enemy_cold_iron_yeti|enemy_field_medic@3,cloudy,draw,12000,1773,0,1
champ_iceclaw_lynx@2|enemy_grand_marshal,champ_mournhollow@2|champ_thunderhoof_colt@2,cloudy,win,6199,2028,0,0
champ_frostplate_tortoise@3|champ_snowpelt_cub@2,champ_marsh_thrush@2|enemy_capture_rig_wolf@2,cloudy,win,10116,2352,0,0
champ_mirewarden_toad|champ_tempest_eel@2,champ_spectral_heron@2|enemy_field_chaplain@3,cloudy,loss,10608,0,2524,0
champ_dusk_bat@3|champ_phantom_lynx,enemy_levyman@2|enemy_quarried_behemoth@3,cloudy,loss,7238,0,8682,0
champ_sunmane_lion|enemy_caged_banshee@2,champ_thunderclap_gorilla@3|enemy_drowned_siren@2,cloudy,loss,6199,0,3979,0
champ_spectral_heron|enemy_powder_sapper,enemy_quarried_behemoth@3|enemy_riflemaster@2,cloudy,loss,4476,0,8514,0
champ_grovekeeper_tapir@3|enemy_company_guard,enemy_dredge_hulk@2|enemy_iron_maiden@2,cloudy,draw,12119,0,0,1
enemy_company_guard|enemy_veil_lord@3,enemy_maw_of_the_drowned@3|enemy_stone_warden@3,cloudy,loss,9401,0,11225,0
champ_dawnwisp@2|champ_dusk_bat@3,champ_duskstep_marten@2|champ_veilfang_wolf@2,cloudy,loss,11578,0,2518,0
champ_granite_gorilla@2|enemy_stormhawk@2,champ_torrent_heron|enemy_steam_engineer,cloudy,win,4800,3095,0,0
champ_coppercrest_stork@3|enemy_shroud_killer@3,champ_fogveil_moth@3|enemy_company_captain@2,cloudy,win,7073,3481,0,0
champ_aerion@2|champ_ember_salamander@2,champ_veilfang_wolf@3|enemy_field_chaplain,cloudy,loss,7200,0,3351,0
enemy_frost_sovereign@2|enemy_quarry_crawler@3,enemy_heavy_knight@3|enemy_iron_collared_hound@2,cloudy,win,9985,2615,0,0
enemy_inquisitor|enemy_pikeman@2,enemy_quarry_crawler@2|enemy_stone_warden,cloudy,loss,7200,0,3416,0
champ_aerion@2|enemy_storm_tyrant@3,enemy_iron_collared_hound|enemy_steam_knight@2,cloudy,win,3600,6323,0,0
champ_snowpelt_cub@3|champ_veilfang_wolf@2,champ_sunmane_lion|enemy_caged_storm_drake@2,cloudy,win,8069,2237,0,0
champ_torrent_heron@2|enemy_shaftmaw@2,enemy_crossbow_levy@3|enemy_levyman@3,cloudy,loss,5743,0,3067,0
champ_iceclaw_lynx@3|champ_thunderclap_gorilla@2,champ_sparkfly@3|enemy_battlemage,cloudy,win,5939,4096,0,0
champ_ember_salamander@2|enemy_iron_maiden@3,champ_permafrost_walrus@2|enemy_hexblade_officer@2,cloudy,win,6606,5208,0,0
champ_dusk_bat@3|champ_iceclaw_lynx@3,champ_fogveil_moth@3|enemy_hexblade_officer@3,cloudy,draw,12079,0,56,1
champ_nightglass_mantis@3|enemy_stormhawk,champ_storm_eagle@2|champ_veilfang_wolf@3,cloudy,draw,12000,221,0,1
champ_eclipse_jaguar@3|champ_wraithorn_stag@2,champ_granite_gorilla@2|champ_sunmane_lion,cloudy,win,7909,3279,0,0
champ_lostlight_wisp@2|champ_storm_eagle@3,enemy_drained_stalker@2|enemy_maw_of_the_drowned,cloudy,win,4800,3825,0,0
champ_iceclaw_lynx@2|enemy_maw_of_the_drowned@2,champ_sunspear_falcon@2|champ_thunderclap_gorilla,cloudy,loss,8969,0,678,0
champ_sunmane_lion|enemy_hexblade_officer,enemy_spymaster|enemy_thunder_bull,cloudy,loss,6564,0,848,0
champ_geode_beetle|enemy_pikeman,enemy_field_chaplain|enemy_signal_drummer,cloudy,draw,12039,363,0,1
champ_aegis_tortoise@2|champ_voltscale_mamba@3,champ_granite_gorilla|enemy_spymaster@3,cloudy,loss,7200,0,3144,0
champ_ember_salamander@3|enemy_thunder_bull@3,champ_hollow_elk@2|enemy_lord_commander,cloudy,win,5897,4211,0,0
champ_coppercrest_stork|enemy_battlemage,enemy_maw_of_the_drowned|enemy_quarry_crawler@2,cloudy,loss,5115,0,1915,0
champ_glacierback_mammoth|champ_glade_heron@3,champ_granite_gorilla@3|champ_sunmane_lion,cloudy,win,9363,4130,0,0
champ_nightglass_mantis@3|champ_wintermoth@2,champ_pebbleback_pangolin@3|enemy_sergeant_at_arms,cloudy,win,9600,2481,0,0
champ_dawnwisp@3|champ_frostplate_tortoise@3,champ_spectral_heron@3|enemy_grand_marshal@2,cloudy,loss,7949,0,4973,0
champ_geode_beetle@3|enemy_storm_tyrant,champ_torrent_heron|enemy_maw_of_the_drowned@2,cloudy,loss,10800,0,282,0
champ_coral_colossus@2|champ_tempest_eel,enemy_company_guard|enemy_spymaster,cloudy,win,10392,946,0,0
champ_geode_beetle@2|enemy_arcanist@2,enemy_capture_rig_wolf@2|enemy_picket@2,cloudy,win,4647,2052,0,0
champ_aerion@2|champ_glade_heron,enemy_company_guard@3|enemy_picket@3,cloudy,loss,9999,0,2948,0
champ_mournhollow@3|enemy_cannoneer,champ_tempest_eel@2|champ_voltscale_mamba,cloudy,win,3600,4887,0,0
champ_coral_colossus|champ_goldhide_rhino@3,champ_hollow_elk|enemy_conscript@2,cloudy,win,8411,7232,0,0
champ_iceclaw_lynx@2|enemy_shroud_killer@3,champ_lostlight_wisp@3|champ_snowpelt_cub@2,cloudy,win,6000,3403,0,0
champ_boulderhide_skink@3|champ_voltscale_mamba@2,champ_glade_heron@3|champ_storm_eagle@2,cloudy,loss,3686,0,4182,0
champ_coppercrest_stork@2|enemy_brineblight_berserker,champ_phantom_lynx@3|enemy_flood_tyrant,cloudy,loss,4800,0,2757,0
champ_spectral_heron@2|enemy_stormhawk,champ_voltscale_mamba@3|enemy_cold_iron_yeti,cloudy,win,7200,183,0,0
champ_nightglass_mantis|enemy_field_chaplain@2,champ_umbra|champ_wraithorn_stag@3,cloudy,loss,6410,0,3327,0
champ_glacierback_mammoth@2|enemy_voltaic_diviner@3,champ_lostlight_wisp|champ_sunmane_lion@2,cloudy,win,7200,3904,0,0
champ_coppercrest_stork@3|enemy_archmagus_imperator,champ_umbra@2|enemy_avalanche_engine,cloudy,loss,11404,0,1467,0
champ_coppercrest_stork@2|champ_sunmane_lion,champ_mirage_caracal@2|enemy_quarry_crawler,cloudy,loss,6000,0,1239,0
champ_glacierback_mammoth@2|enemy_riflemaster@3,champ_wintermoth@3|enemy_crossbow_levy,cloudy,win,5589,5576,0,0
champ_pebbleback_pangolin@3|enemy_sundered_lord@2,champ_spectral_heron@2|enemy_storm_tyrant@3,cloudy,loss,9898,0,3970,0
enemy_hollowed_wisp@3|enemy_iron_maiden@3,enemy_stormhawk@2|enemy_thunder_bull,cloudy,win,4800,7064,0,0
champ_eclipse_jaguar@3|champ_tempest_eel@2,champ_wraithorn_stag@3|enemy_standard_bearer@2,cloudy,win,8492,2121,0,0
champ_glade_heron@3|enemy_brineblight_berserker@3,champ_mournhollow@2|enemy_quarried_behemoth@2,cloudy,win,6501,4906,0,0
champ_veilfang_wolf@2|enemy_crossbow_levy@2,enemy_hierarch|enemy_sergeant_at_arms@2,cloudy,win,7200,2198,0,0
champ_thunderhoof_colt@2|enemy_maw_of_the_drowned@2,enemy_cannoneer@3|enemy_veil_lord@3,cloudy,loss,4432,0,7048,0
champ_eclipse_jaguar@3|enemy_conscript@2,champ_nerei@2|enemy_avalanche_engine,cloudy,win,9657,774,0,0
enemy_cannoneer|enemy_hexblade_officer@3,enemy_iron_maiden@2|enemy_stretcher_hand@3,cloudy,win,10359,2713,0,0
champ_torrent_heron@2|enemy_powder_sapper,enemy_capture_rig_wolf|enemy_lord_commander@2,cloudy,loss,5012,0,1078,0
champ_goldhide_rhino|enemy_storm_tyrant,champ_torrent_heron|enemy_hexblade_officer@2,cloudy,win,7200,1487,0,0
champ_marsh_thrush@3|enemy_flood_tyrant@3,champ_permafrost_walrus@2|enemy_hierarch,cloudy,win,4672,6287,0,0
champ_veilfang_wolf@2|enemy_signal_drummer@2,champ_voltscale_mamba@2|enemy_storm_tyrant@2,cloudy,win,9600,478,0,0
champ_veldt_pronghorn@3|enemy_field_medic@2,enemy_drained_stalker@2|enemy_stretcher_hand,cloudy,win,6000,1938,0,0
champ_aegis_tortoise|champ_torrent_heron@3,champ_pebbleback_pangolin@3|champ_thunderclap_gorilla@3,cloudy,loss,6000,0,5190,0
champ_boulderhide_skink|champ_hollow_elk,champ_nerei@3|champ_reedbank_otter@2,cloudy,loss,3891,0,4811,0
champ_will_o_fawn|enemy_shroud_killer@3,enemy_spymaster|enemy_storm_tyrant,cloudy,win,4359,1626,0,0
champ_umbra@3|enemy_storm_tyrant@3,champ_voltmane_jackal@3|enemy_capture_rig_wolf@3,cloudy,win,7200,6962,0,0
champ_goldhide_rhino@3|champ_mournhollow@3,enemy_company_captain@3|enemy_storm_tyrant@2,cloudy,win,8468,9158,0,0
champ_aegis_tortoise|enemy_crossbow_levy@2,champ_coral_colossus@2|champ_springfrog@2,cloudy,draw,12042,0,1208,1
champ_marshghast_boar@3|enemy_shroud_killer,enemy_blight_lurker@3|enemy_stretcher_hand@2,cloudy,draw,12133,91,0,1
champ_hollow_elk|champ_sparkfly@2,enemy_cannoneer|enemy_gunslinger@2,cloudy,loss,5743,0,1961,0
champ_mirage_caracal|enemy_veil_lord@3,champ_phantom_lynx@2|enemy_company_guard@2,cloudy,win,4800,4697,0,0
enemy_field_medic|enemy_storm_tyrant@3,enemy_iron_collared_hound@2|enemy_picket@2,cloudy,win,4195,4693,0,0
enemy_conscript@2|enemy_quarried_behemoth@3,enemy_sergeant_at_arms@2|enemy_steam_knight@3,cloudy,win,11905,4086,0,0
champ_frostplate_tortoise@3|champ_snowpelt_cub,champ_umbra@3|enemy_stormhawk@3,cloudy,loss,9657,0,5161,0
champ_ember_salamander@2|enemy_drowned_siren@3,enemy_cold_iron_yeti@3|enemy_slag_sentinel@2,cloudy,loss,7200,0,4070,0
champ_veldt_pronghorn|enemy_riflemaster@2,enemy_drained_stalker@2|enemy_shaftmaw@2,cloudy,win,6102,1010,0,0
champ_spectral_heron|enemy_spymaster@3,champ_tempest_eel|enemy_hollowed_wisp@3,cloudy,win,4800,3192,0,0
champ_coral_colossus@3|champ_sparkfly@3,enemy_frost_sovereign|enemy_shaftmaw,cloudy,win,9514,4439,0,0
champ_frostfang_wolverine@2|enemy_stone_warden@2,champ_thunderclap_gorilla@2|enemy_hierarch@3,cloudy,draw,12013,3646,0,1
champ_nerei|enemy_quarried_behemoth,enemy_brineblight_berserker@2|enemy_veil_lord@3,cloudy,loss,10207,0,3498,0
champ_aegis_tortoise@3|champ_glacierback_mammoth,enemy_steam_knight@3|enemy_thunder_bull@2,cloudy,draw,12018,0,2115,1
champ_fogveil_moth|enemy_drained_stalker,champ_snowpelt_cub|champ_thunderclap_gorilla@3,cloudy,loss,5776,0,4400,0
champ_dawnwisp@2|enemy_picket,enemy_field_medic|enemy_hollowed_wisp@2,cloudy,draw,12034,0,0,1
champ_duskstep_marten@3|enemy_cold_iron_yeti@3,champ_voltscale_mamba@2|enemy_capture_rig_wolf@2,cloudy,win,4800,6572,0,0
champ_lostlight_wisp|enemy_frost_sovereign,champ_storm_eagle|enemy_dredge_hulk@3,cloudy,loss,7349,0,6296,0
champ_goldcrest_lark@3|champ_spectral_heron@2,champ_granite_gorilla@3|enemy_drowned_siren@3,cloudy,draw,12068,0,3177,1
champ_sunspear_falcon@2|champ_will_o_fawn,champ_veldt_pronghorn@2|enemy_levyman,cloudy,win,6000,1760,0,0
champ_iceclaw_lynx|champ_permafrost_walrus@2,enemy_brineblight_berserker@2|enemy_veil_lord@2,cloudy,loss,5910,0,1896,0
enemy_company_guard@3|enemy_hexblade_officer,enemy_dredge_hulk|enemy_lord_commander@2,cloudy,draw,12052,0,1457,1
champ_fogveil_moth@3|champ_grovekeeper_tapir@2,champ_hollow_elk@3|champ_riptide_caiman@2,cloudy,loss,9044,0,4319,0
champ_duskstep_marten@2|enemy_cold_iron_yeti@3,enemy_field_medic@2|enemy_levyman@2,cloudy,win,7200,5299,0,0
champ_permafrost_walrus|champ_voltmane_jackal@3,champ_will_o_fawn@2|enemy_drowned_siren@2,cloudy,win,3600,3409,0,0
champ_aerion|enemy_frost_sovereign@2,champ_thunderhoof_colt@3|enemy_arcanist,cloudy,loss,9291,0,321,0
enemy_caged_banshee@2|enemy_company_captain@2,enemy_iron_maiden@3|enemy_lord_commander,cloudy,loss,6889,0,6668,0
champ_snowpelt_cub@3|champ_sunspear_falcon@3,enemy_glacier_goliath@3|enemy_signal_drummer@3,cloudy,draw,12026,3602,0,1
champ_pebbleback_pangolin|enemy_company_captain@3,enemy_caged_banshee@2|enemy_quarry_crawler@3,cloudy,loss,9187,0,2600,0
champ_boulderhide_skink@2|champ_frostfang_wolverine,enemy_pikeman|enemy_storm_tyrant,cloudy,loss,5658,0,743,0
champ_phantom_lynx@2|enemy_riven_frost_wyrm@3,champ_sunspear_falcon@2|enemy_grand_marshal,cloudy,win,7200,2120,0,0
champ_boulderhide_skink@2|enemy_iron_maiden,enemy_caged_storm_drake|enemy_riflemaster,cloudy,win,7200,1185,0,0
champ_will_o_fawn@2|enemy_stormhawk,enemy_capture_rig_wolf|enemy_stretcher_hand@3,cloudy,loss,8130,0,1360,0
champ_dawnwisp@2|champ_mirewarden_toad,champ_storm_eagle@2|enemy_blight_lurker@3,cloudy,loss,7200,0,5391,0
champ_springfrog@3|enemy_avalanche_engine@3,enemy_field_medic@2|enemy_voltaic_diviner@2,cloudy,win,4144,2982,0,0
champ_dawnwisp@3|champ_wraithorn_stag@3,champ_reedbank_otter|enemy_steam_engineer@3,cloudy,win,6000,4096,0,0
champ_glade_heron@2|enemy_stormhawk,champ_phantom_lynx|enemy_pikeman,cloudy,win,4852,1549,0,0
champ_boulderhide_skink@3|enemy_caged_banshee@2,enemy_crossbow_levy@2|enemy_glacier_goliath@3,cloudy,loss,10912,0,2138,0
champ_borealis@2|enemy_veil_lord@3,enemy_blight_lurker@3|enemy_quarried_behemoth,cloudy,draw,12077,2633,0,1
champ_cliffeyrie_eagle|champ_coppercrest_stork@3,champ_eclipse_jaguar@3|enemy_steam_knight,cloudy,loss,7994,0,1981,0
champ_ember_salamander@3|enemy_riflemaster,champ_nerei@3|enemy_caged_storm_drake@3,cloudy,loss,3891,0,7428,0
champ_springfrog|enemy_company_captain@3,champ_tempest_eel@2|enemy_blight_lurker@3,cloudy,loss,9333,0,3792,0
champ_goldhide_rhino@3|enemy_signal_drummer,champ_marsh_thrush|enemy_field_medic@3,cloudy,draw,12082,3926,0,1
champ_borealis@2|enemy_signal_drummer,champ_nightglass_mantis|champ_spectral_heron,cloudy,win,8172,733,0,0
champ_grovekeeper_tapir|enemy_field_chaplain@3,enemy_conscript|enemy_standard_bearer@3,cloudy,draw,12059,293,0,1
champ_borealis|enemy_levyman,champ_fogveil_moth@3|enemy_flood_tyrant,cloudy,loss,11284,0,1673,0
champ_eclipse_jaguar@3|enemy_hexblade_officer@2,champ_wintermoth|enemy_steam_engineer@2,cloudy,win,3832,4445,0,0
champ_geode_beetle@2|champ_sparkfly@2,enemy_slag_sentinel|enemy_thunder_bull@3,cloudy,loss,6298,0,3897,0
enemy_archmagus_imperator@3|enemy_conscript@3,enemy_field_chaplain@2|enemy_spymaster@2,cloudy,win,4666,4622,0,0
champ_goldhide_rhino@2|enemy_flood_tyrant@3,champ_iceclaw_lynx|champ_snowpelt_cub@3,cloudy,win,10163,4861,0,0
champ_boulderhide_skink@2|enemy_quarried_behemoth@3,champ_glacierback_mammoth@2|champ_veilfang_wolf,cloudy,win,9600,7035,0,0
champ_iceclaw_lynx|enemy_crossbow_levy,champ_mirage_caracal|enemy_inquisitor,cloudy,loss,6148,0,832,0
champ_veilfang_wolf|enemy_quarried_behemoth,enemy_blight_lurker|enemy_stretcher_hand@2,cloudy,win,9294,3180,0,0
enemy_battlemage|enemy_stone_warden@3,enemy_conscript|enemy_iron_collared_hound@3,cloudy,win,7428,8028,0,0
champ_glade_heron@2|champ_lostlight_wisp@3,champ_marsh_thrush@2|enemy_sergeant_at_arms@2,cloudy,win,11131,2123,0,0
champ_storm_eagle|champ_wintermoth,champ_tempest_eel@3|enemy_riflemaster@3,cloudy,loss,3025,0,3922,0
champ_sparkfly@2|enemy_field_medic,champ_tempest_eel@2|enemy_dredge_hulk@3,cloudy,loss,4482,0,6860,0
champ_sunspear_falcon|enemy_steam_knight,enemy_iron_maiden@3|enemy_shroud_killer,cloudy,loss,8135,0,4699,0
champ_frostfang_wolverine@3|champ_sparkfly@3,champ_sunmane_lion@3|champ_voltmane_jackal,cloudy,win,6911,1105,0,0
champ_aurion|enemy_company_captain@3,champ_glacierback_mammoth|enemy_grand_marshal@2,cloudy,loss,7200,0,1492,0
enemy_blight_lurker@3|enemy_stormhawk,enemy_powder_sapper|enemy_shaftmaw,cloudy,win,4800,3728,0,0
champ_aerion@3|enemy_maw_of_the_drowned@3,champ_tempest_eel|enemy_voltaic_diviner@3,cloudy,win,3600,6997,0,0
champ_coral_colossus|champ_wraithorn_stag,champ_goldcrest_lark@2|enemy_pikeman@2,cloudy,win,9731,1942,0,0
champ_boulderhide_skink@3|champ_will_o_fawn@2,champ_voltmane_jackal@2|enemy_gunslinger@2,cloudy,win,6496,62,0,0
champ_torrent_heron@2|enemy_veil_lord@3,enemy_riven_frost_wyrm@2|enemy_sundered_lord@3,cloudy,loss,10918,0,876,0
champ_frostfang_wolverine@2|champ_sparkfly,champ_mournhollow@2|enemy_hollowed_wisp,cloudy,win,7130,155,0,0
champ_mirewarden_toad|enemy_grand_marshal,champ_permafrost_walrus|enemy_arcanist@2,cloudy,loss,7200,0,205,0
enemy_crossbow_levy@2|enemy_riflemaster,enemy_field_medic@2|enemy_glacier_goliath@2,cloudy,loss,10638,0,1216,0
champ_voltscale_mamba@2|enemy_arcanist,enemy_company_guard@2|enemy_lord_commander@3,cloudy,loss,4545,0,4313,0
champ_tempest_eel|enemy_reaver_of_the_reach@2,enemy_inquisitor@2|enemy_riflemaster@3,cloudy,loss,4564,0,2959,0
champ_phantom_lynx@3|enemy_capture_rig_wolf,champ_sparkfly@2|enemy_veil_lord,cloudy,win,7200,755,0,0
champ_sunspear_falcon|champ_umbra,enemy_drowned_siren@2|enemy_voltaic_diviner@3,cloudy,win,6000,1436,0,0
champ_sparkfly|enemy_maw_of_the_drowned@3,enemy_capture_rig_wolf@2|enemy_grand_marshal@2,cloudy,win,9401,67,0,0
enemy_frost_sovereign|enemy_thunder_bull@3,enemy_grand_marshal@3|enemy_steam_engineer,cloudy,loss,8006,0,2731,0
champ_umbra|enemy_storm_tyrant,enemy_avalanche_engine@3|enemy_quarry_crawler,cloudy,loss,8400,0,335,0
champ_wintermoth@3|enemy_iron_collared_hound@2,enemy_flood_tyrant@3|enemy_maw_of_the_drowned@2,cloudy,loss,7510,0,5527,0
champ_mirage_caracal@2|champ_torrent_heron@2,champ_reedbank_otter@3|enemy_archmagus_imperator@2,cloudy,loss,4939,0,2097,0
champ_goldcrest_lark@2|champ_mournhollow@3,champ_riptide_caiman@2|champ_spectral_heron@3,cloudy,loss,8594,0,2335,0
champ_wintermoth|enemy_drained_stalker,enemy_flood_tyrant|enemy_frost_sovereign@3,cloudy,loss,3600,0,5647,0
champ_geode_beetle|champ_thunderclap_gorilla,champ_nerei|champ_thunderhoof_colt@2,cloudy,loss,8938,0,724,0
champ_goldhide_rhino@2|enemy_voltaic_diviner,enemy_grand_marshal@3|enemy_spymaster@3,cloudy,loss,4800,0,6843,0
champ_aurion@2|enemy_iron_maiden,champ_goldhide_rhino@2|champ_sunspear_falcon@3,cloudy,loss,6000,0,4981,0
enemy_company_captain|enemy_picket,enemy_riflemaster@3|enemy_sergeant_at_arms@2,cloudy,loss,3692,0,4579,0
champ_aurion|champ_geode_beetle@2,champ_thunderclap_gorilla@2|enemy_powder_sapper@3,cloudy,loss,6000,0,1327,0
champ_eclipse_jaguar|champ_glade_heron@2,enemy_cannoneer@2|enemy_grand_marshal@3,cloudy,loss,5012,0,5900,0
champ_frostfang_wolverine@2|champ_torrent_heron@3,champ_goldcrest_lark|champ_spectral_heron@2,cloudy,win,4800,1368,0,0
champ_mirewarden_toad@2|champ_mournhollow@3,champ_permafrost_walrus@3|enemy_glacier_goliath@2,cloudy,win,10108,2992,0,0
champ_duskstep_marten|enemy_shaftmaw,champ_frostquill_porcupine@3|champ_pebbleback_pangolin@2,cloudy,loss,4142,0,4742,0
champ_goldcrest_lark@2|champ_veilfang_wolf@3,enemy_iron_maiden@2|enemy_thunder_bull@3,cloudy,draw,12065,0,745,1
champ_aurion@3|enemy_dredge_hulk@2,champ_frostplate_tortoise@3|champ_thunderhoof_colt,cloudy,draw,12000,4144,0,1
champ_umbra|enemy_conscript,enemy_powder_sapper|enemy_shroud_killer@3,cloudy,loss,5652,0,1790,0
champ_reedbank_otter@2|enemy_shroud_killer@2,enemy_blight_lurker@3|enemy_inquisitor,cloudy,loss,7333,0,3356,0
champ_coral_colossus@3|champ_dusk_bat,champ_thunderhide_bison@3|enemy_maw_of_the_drowned@2,cloudy,draw,12094,0,0,1
champ_permafrost_walrus|enemy_signal_drummer@3,champ_sunmane_lion|enemy_stone_warden@3,cloudy,loss,5678,0,9086,0
champ_ember_salamander@2|enemy_quarried_behemoth@2,enemy_slag_sentinel@2|enemy_thunder_bull,cloudy,win,9600,3182,0,0
champ_aegis_tortoise@2|champ_iceclaw_lynx@3,champ_ember_salamander@3|enemy_maw_of_the_drowned,cloudy,win,6553,3008,0,0
champ_ember_salamander|enemy_thunder_bull,champ_riptide_caiman@3|champ_sunmane_lion,cloudy,loss,4667,0,3106,0
champ_nerei@3|enemy_stone_warden@3,enemy_reaver_of_the_reach@2|enemy_signal_drummer@3,cloudy,win,4503,12641,0,0
champ_thunderclap_gorilla|champ_thunderhide_bison,enemy_drowned_siren@2|enemy_voltaic_diviner@3,cloudy,loss,5910,0,1276,0
champ_duskstep_marten|champ_ember_salamander,champ_marsh_thrush|champ_umbra@2,cloudy,loss,5204,0,2472,0
enemy_capture_rig_wolf@3|enemy_dredge_hulk@3,enemy_riflemaster@2|enemy_thunder_bull@2,cloudy,win,7200,6184,0,0
champ_dawnwisp@3|champ_mirewarden_toad@2,champ_springfrog|enemy_frost_sovereign@2,cloudy,draw,12055,0,681,1
champ_thunderhide_bison|enemy_crossbow_levy@3,enemy_powder_sapper|enemy_riflemaster@2,cloudy,win,6000,965,0,0
champ_thunderhoof_colt@3|enemy_reaver_of_the_reach@2,enemy_drained_stalker@2|enemy_dredge_hulk@3,cloudy,draw,12000,0,4003,1
champ_fogveil_moth@3|enemy_crossbow_levy@3,enemy_gunslinger|enemy_levyman,cloudy,win,4800,3578,0,0
champ_sunspear_falcon@2|enemy_heavy_knight@2,enemy_cannoneer@3|enemy_voltaic_diviner@2,cloudy,loss,6769,0,1681,0
champ_fogveil_moth@3|champ_iceclaw_lynx@3,champ_marshghast_boar@2|champ_snowpelt_cub@3,cloudy,draw,12043,3159,0,1
champ_cliffeyrie_eagle@2|champ_riptide_caiman@2,champ_thunderhide_bison@3|enemy_flood_tyrant,cloudy,draw,12014,63,0,1
champ_hoarfrost_owl|champ_sunmane_lion@2,champ_hollow_elk@2|enemy_steam_engineer@2,cloudy,win,9627,1418,0,0
champ_mirage_caracal@3|champ_tempest_eel@2,enemy_drained_stalker@2|enemy_steam_knight,cloudy,win,4800,2805,0,0
champ_goldhide_rhino|enemy_field_medic@3,champ_torrent_heron@3|enemy_thunder_bull@2,cloudy,loss,8410,0,2318,0
champ_boulderhide_skink@2|champ_frostplate_tortoise@2,champ_spectral_heron@3|enemy_sergeant_at_arms,cloudy,loss,7200,0,2952,0
champ_glade_heron@2|enemy_company_guard@2,champ_reedbank_otter@2|enemy_levyman@3,cloudy,loss,11633,0,952,0
champ_coppercrest_stork@3|enemy_riven_frost_wyrm,champ_voltmane_jackal|enemy_conscript@3,cloudy,loss,8937,0,1756,0
enemy_crossbow_levy@2|enemy_quarry_crawler@3,enemy_grand_marshal@3|enemy_spymaster@2,cloudy,loss,6000,0,4189,0
champ_riptide_caiman|enemy_stretcher_hand,enemy_quarried_behemoth|enemy_reaver_of_the_reach,cloudy,loss,8492,0,557,0
champ_frostplate_tortoise@2|enemy_flood_tyrant,champ_wraithorn_stag@2|enemy_capture_rig_wolf@3,cloudy,loss,7072,0,2314,0
champ_coppercrest_stork|enemy_lord_commander@3,champ_frostplate_tortoise|enemy_drowned_siren@2,cloudy,win,5431,3881,0,0
champ_thunderhide_bison|enemy_gunslinger@2,enemy_cannoneer@2|enemy_storm_tyrant,cloudy,loss,5350,0,2326,0
champ_mournhollow|enemy_hollowed_wisp@2,enemy_archmagus_imperator@3|enemy_signal_drummer,cloudy,loss,5125,0,3626,0
champ_geode_beetle@3|enemy_stormhawk@2,champ_veldt_pronghorn@3|champ_voltscale_mamba@3,cloudy,loss,7011,0,2431,0
champ_borealis@2|enemy_stormhawk@3,champ_sunmane_lion@3|enemy_quarried_behemoth@2,cloudy,loss,9389,0,3918,0
champ_coppercrest_stork@3|champ_marshghast_boar@3,enemy_flood_tyrant|enemy_hollowed_wisp@2,cloudy,win,10408,6192,0,0
champ_lostlight_wisp@2|champ_voltscale_mamba,enemy_cold_iron_yeti|enemy_veil_lord@2,cloudy,loss,7200,0,3318,0
champ_glade_heron@3|champ_voltmane_jackal,champ_springfrog|champ_veilfang_wolf@3,cloudy,win,9799,1780,0,0
champ_granite_gorilla@2|enemy_lord_commander@3,champ_nightglass_mantis@3|champ_sunmane_lion@2,cloudy,draw,12036,0,0,1
champ_iceclaw_lynx|enemy_steam_engineer@2,champ_thunderhide_bison@3|enemy_heavy_knight,cloudy,loss,7520,0,3251,0
champ_dusk_bat|enemy_cold_iron_yeti@2,enemy_field_chaplain@3|enemy_levyman@2,cloudy,draw,12064,0,866,1
champ_glade_heron@2|champ_reedbank_otter@2,champ_goldcrest_lark|enemy_field_chaplain@3,cloudy,win,8031,2014,0,0
champ_aegis_tortoise|enemy_stone_warden,enemy_cannoneer@3|enemy_hierarch@3,cloudy,draw,12000,0,5271,1
champ_thunderhide_bison|enemy_crossbow_levy@3,enemy_glacier_goliath@3|enemy_voltaic_diviner,cloudy,loss,11280,0,2069,0
champ_sparkfly@2|enemy_flood_tyrant@2,enemy_drowned_siren@3|enemy_maw_of_the_drowned,cloudy,win,8123,1669,0,0
champ_lostlight_wisp|champ_snowpelt_cub@3,champ_veilfang_wolf|enemy_maw_of_the_drowned,cloudy,draw,12045,0,356,1
champ_boulderhide_skink@3|champ_goldcrest_lark@3,enemy_sergeant_at_arms@3|enemy_slag_sentinel@2,cloudy,draw,12000,1509,0,1
champ_dawnwisp@3|enemy_drained_stalker@2,enemy_heavy_knight|enemy_signal_drummer@3,cloudy,draw,12060,596,0,1
champ_eclipse_jaguar@3|champ_tempest_eel,champ_grovekeeper_tapir|enemy_hexblade_officer@3,cloudy,win,10800,890,0,0
champ_aurion@2|enemy_maw_of_the_drowned,champ_frostplate_tortoise@3|enemy_capture_rig_wolf@2,cloudy,draw,12028,239,0,1
champ_aegis_tortoise@2|champ_thunderclap_gorilla,champ_thunderhoof_colt@3|enemy_reaver_of_the_reach,cloudy,loss,7825,0,2161,0
champ_hoarfrost_owl@3|enemy_brineblight_berserker@2,champ_mournhollow@2|enemy_riven_frost_wyrm,cloudy,draw,12029,1619,0,1
champ_sunspear_falcon@2|enemy_hexblade_officer@3,enemy_cold_iron_yeti@3|enemy_glacier_goliath@2,cloudy,draw,12064,868,0,1
champ_geode_beetle|enemy_drained_stalker,enemy_drowned_siren@3|enemy_inquisitor@3,cloudy,loss,4000,0,3894,0
champ_geode_beetle|champ_voltscale_mamba@2,enemy_heavy_knight@3|enemy_reaver_of_the_reach@3,cloudy,loss,3747,0,7254,0
champ_sunmane_lion@2|enemy_hexblade_officer@2,champ_wintermoth|enemy_cold_iron_yeti@3,cloudy,draw,12040,0,1329,1
champ_mournhollow|enemy_voltaic_diviner,champ_veldt_pronghorn@3|enemy_drowned_siren@3,cloudy,loss,6716,0,1967,0
champ_riptide_caiman@3|enemy_brineblight_berserker@2,champ_snowpelt_cub@3|enemy_powder_sapper@2,cloudy,win,6629,2721,0,0
champ_fogveil_moth@3|enemy_steam_engineer@3,champ_voltscale_mamba|enemy_stretcher_hand,cloudy,win,4648,3755,0,0
champ_will_o_fawn@3|enemy_signal_drummer@2,enemy_caged_storm_drake@3|enemy_veil_lord,cloudy,loss,5593,0,5058,0
champ_hollow_elk@2|enemy_grand_marshal@2,enemy_quarried_behemoth@3|enemy_stone_warden@2,cloudy,loss,9048,0,9492,0
champ_aurion@2|champ_hoarfrost_owl@2,enemy_capture_rig_wolf@3|enemy_steam_knight@3,cloudy,loss,6000,0,3900,0
champ_ember_salamander@3|champ_iceclaw_lynx@2,champ_sunmane_lion|enemy_flood_tyrant,cloudy,win,7200,891,0,0
champ_coppercrest_stork|enemy_shroud_killer@2,enemy_grand_marshal|enemy_levyman@2,cloudy,loss,5803,0,2164,0
champ_frostquill_porcupine@3|enemy_spymaster,champ_geode_beetle|enemy_drained_stalker@3,cloudy,win,4800,3858,0,0
champ_voltscale_mamba@3|enemy_maw_of_the_drowned,enemy_blight_lurker@2|enemy_levyman@3,cloudy,loss,11899,0,0,0
champ_coral_colossus@2|enemy_cold_iron_yeti,champ_veldt_pronghorn|enemy_flood_tyrant@3,cloudy,draw,12057,0,2949,1
champ_veldt_pronghorn|enemy_signal_drummer@3,enemy_blight_lurker@3|enemy_iron_maiden,cloudy,loss,7833,0,5521,0
champ_coral_colossus@3|champ_voltmane_jackal@2,champ_dusk_bat@2|champ_thunderhoof_colt,cloudy,win,5443,6211,0,0
champ_frostplate_tortoise@2|enemy_crossbow_levy,champ_reedbank_otter@3|champ_thunderhide_bison,cloudy,loss,8105,0,1550,0
champ_hoarfrost_owl@2|champ_riptide_caiman@2,enemy_field_chaplain@3|enemy_spymaster@3,cloudy,loss,4800,0,3295,0
champ_coppercrest_stork|champ_goldhide_rhino@2,champ_hollow_elk@3|enemy_gunslinger@2,cloudy,draw,12059,0,3146,1
champ_fogveil_moth@2|enemy_shaftmaw,enemy_brineblight_berserker|enemy_shroud_killer@3,cloudy,loss,5121,0,2560,0
champ_boulderhide_skink@3|champ_torrent_heron,champ_marsh_thrush@2|enemy_veil_lord@2,cloudy,win,8051,0,0,0
champ_aerion@2|enemy_storm_tyrant@3,champ_springfrog@2|enemy_field_chaplain@2,cloudy,win,3600,6415,0,0
champ_eclipse_jaguar@3|champ_snowpelt_cub,enemy_slag_sentinel@3|enemy_sundered_lord@3,cloudy,loss,11729,0,3849,0
champ_sparkfly|enemy_sundered_lord@2,enemy_gunslinger@3|enemy_quarry_crawler@2,cloudy,loss,5892,0,2646,0
champ_spectral_heron@3|enemy_thunder_bull@3,champ_torrent_heron@2|enemy_drowned_siren@3,cloudy,win,3795,6756,0,0
champ_hoarfrost_owl@3|enemy_conscript@2,enemy_archmagus_imperator|enemy_battlemage@3,cloudy,loss,9058,0,2368,0
champ_sparkfly@3|enemy_iron_collared_hound@2,enemy_cold_iron_yeti|enemy_pikeman@2,cloudy,win,9557,1527,0,0
champ_wintermoth@3|enemy_glacier_goliath@2,enemy_dredge_hulk|enemy_iron_maiden@3,cloudy,draw,12085,0,3082,1
champ_mournhollow@2|enemy_spymaster@2,champ_phantom_lynx@2|enemy_arcanist,cloudy,win,3600,2328,0,0
champ_ember_salamander@2|champ_iceclaw_lynx@3,champ_wintermoth@3|enemy_drained_stalker@2,cloudy,win,7200,3192,0,0
champ_thunderhide_bison|enemy_field_medic@2,enemy_lord_commander|enemy_stretcher_hand@2,cloudy,loss,9747,0,1202,0
champ_riptide_caiman|enemy_sergeant_at_arms@2,champ_thunderclap_gorilla@3|enemy_gunslinger@3,cloudy,loss,4718,0,5941,0
champ_snowpelt_cub@2|enemy_brineblight_berserker,enemy_archmagus_imperator|enemy_powder_sapper@2,cloudy,loss,8666,0,1070,0
champ_borealis@3|enemy_voltaic_diviner@2,champ_thunderhoof_colt@2|enemy_quarried_behemoth,cloudy,win,6595,4408,0,0
champ_torrent_heron|enemy_reaver_of_the_reach,enemy_company_guard@2|enemy_standard_bearer,cloudy,win,9573,880,0,0
champ_coppercrest_stork@3|champ_umbra@3,enemy_slag_sentinel|enemy_steam_engineer,cloudy,win,4331,6324,0,0
champ_dawnwisp@2|enemy_sergeant_at_arms@2,enemy_pikeman@2|enemy_thunder_bull,cloudy,loss,9123,0,1434,0
enemy_avalanche_engine@2|enemy_picket,enemy_caged_storm_drake@3|enemy_stretcher_hand,cloudy,loss,4862,0,3435,0
champ_frostquill_porcupine@2|enemy_slag_sentinel,champ_grovekeeper_tapir@2|enemy_sundered_lord,cloudy,win,8225,1784,0,0
champ_ember_salamander@3|champ_hoarfrost_owl,champ_reedbank_otter@2|enemy_stretcher_hand@2,cloudy,win,7200,784,0,0
champ_aerion@2|champ_sunspear_falcon@3,enemy_caged_storm_drake@2|enemy_stone_warden@2,cloudy,draw,12000,2901,0,1
enemy_avalanche_engine@2|enemy_levyman,enemy_heavy_knight@2|enemy_iron_collared_hound@2,cloudy,loss,10545,0,243,0
champ_spectral_heron@3|enemy_shroud_killer@3,enemy_stone_warden@2|enemy_stretcher_hand@3,cloudy,draw,12065,2276,0,1
champ_frostplate_tortoise@2|champ_granite_gorilla@2,champ_thunderhoof_colt@2|champ_voltmane_jackal@3,cloudy,draw,12024,0,1900,1
champ_glacierback_mammoth|enemy_glacier_goliath@2,champ_nerei@3|enemy_brineblight_berserker@2,cloudy,draw,12061,0,1573,1
champ_glade_heron@2|enemy_field_medic@3,champ_thunderhoof_colt@2|champ_will_o_fawn@3,cloudy,win,7295,2072,0,0
champ_granite_gorilla@2|champ_nightglass_mantis,champ_marshghast_boar@3|enemy_cold_iron_yeti@3,cloudy,loss,11312,0,8772,0
champ_boulderhide_skink|enemy_shroud_killer@3,champ_riptide_caiman@3|enemy_flood_tyrant@2,cloudy,loss,4296,0,4150,0
champ_storm_eagle@3|enemy_stormhawk@3,enemy_brineblight_berserker|enemy_quarry_crawler@3,cloudy,win,7200,3393,0,0
champ_glacierback_mammoth@2|enemy_stretcher_hand,enemy_battlemage@2|enemy_spymaster@3,cloudy,loss,7398,0,2339,0
champ_cliffeyrie_eagle@3|enemy_drained_stalker,enemy_avalanche_engine|enemy_quarried_behemoth@3,cloudy,draw,12000,0,2318,1
champ_frostquill_porcupine@2|champ_glade_heron@3,champ_torrent_heron@3|enemy_gunslinger,cloudy,win,3825,4398,0,0
champ_goldhide_rhino|enemy_iron_maiden@2,enemy_avalanche_engine@3|enemy_drowned_siren@2,cloudy,loss,9600,0,812,0
enemy_battlemage|enemy_drowned_siren@2,enemy_stormhawk@2|enemy_veil_lord@3,cloudy,loss,3600,0,5012,0
champ_aurion@2|champ_sunmane_lion,champ_frostplate_tortoise@2|enemy_caged_storm_drake@2,cloudy,win,11333,783,0,0
champ_phantom_lynx@3|enemy_shaftmaw,champ_voltmane_jackal@3|enemy_picket@3,cloudy,loss,6325,0,2872,0
champ_duskstep_marten@3|enemy_steam_engineer@2,enemy_field_medic|enemy_spymaster@2,cloudy,win,5860,3085,0,0
champ_cliffeyrie_eagle@2|champ_tempest_eel@3,enemy_capture_rig_wolf@2|enemy_shroud_killer,cloudy,win,3555,3599,0,0
champ_torrent_heron@2|enemy_voltaic_diviner@2,enemy_capture_rig_wolf@3|enemy_steam_engineer@3,cloudy,loss,5649,0,1888,0
champ_frostquill_porcupine@3|enemy_archmagus_imperator@3,champ_snowpelt_cub|enemy_drained_stalker@3,cloudy,win,4142,7180,0,0
champ_marsh_thrush|champ_sunspear_falcon@2,champ_springfrog@3|enemy_glacier_goliath,cloudy,draw,12068,0,336,1
champ_iceclaw_lynx@2|enemy_reaver_of_the_reach,enemy_company_captain@2|enemy_levyman,cloudy,win,7200,2245,0,0
champ_hollow_elk|champ_voltscale_mamba,champ_permafrost_walrus@3|champ_riptide_caiman@3,cloudy,loss,3975,0,3956,0
champ_phantom_lynx|enemy_drained_stalker@3,enemy_battlemage|enemy_thunder_bull@3,cloudy,loss,6769,0,2685,0
champ_borealis@2|enemy_riflemaster@3,champ_dawnwisp@2|champ_voltscale_mamba@3,cloudy,win,4051,4839,0,0
enemy_avalanche_engine@3|enemy_thunder_bull,enemy_levyman@3|enemy_steam_engineer,cloudy,win,6103,2184,0,0
champ_duskstep_marten@2|enemy_archmagus_imperator,champ_tempest_eel|enemy_caged_storm_drake@3,cloudy,loss,7121,0,3144,0
champ_grovekeeper_tapir|enemy_caged_banshee,champ_snowpelt_cub|enemy_iron_maiden@3,cloudy,loss,9601,0,5932,0
champ_aegis_tortoise@2|enemy_riflemaster@3,champ_hoarfrost_owl@3|champ_tempest_eel,cloudy,win,6615,3733,0,0
champ_granite_gorilla|enemy_levyman,champ_marshghast_boar@3|champ_spectral_heron@3,cloudy,loss,7200,0,9352,0
champ_eclipse_jaguar@3|enemy_maw_of_the_drowned@2,champ_pebbleback_pangolin@2|enemy_reaver_of_the_reach,cloudy,win,5579,4582,0,0
champ_frostquill_porcupine@3|enemy_grand_marshal@2,enemy_cold_iron_yeti@3|enemy_steam_knight@3,cloudy,win,9060,3222,0,0
champ_frostplate_tortoise@2|enemy_drowned_siren@2,champ_goldcrest_lark@3|champ_mournhollow@2,cloudy,loss,8957,0,3491,0
champ_coppercrest_stork@2|champ_coral_colossus@3,champ_glade_heron@3|champ_grovekeeper_tapir@3,cloudy,draw,12092,0,1265,1
champ_boulderhide_skink@2|champ_granite_gorilla@2,champ_glacierback_mammoth@3|enemy_stone_warden@3,cloudy,loss,7773,0,13513,0
champ_goldhide_rhino@2|champ_sparkfly@2,champ_pebbleback_pangolin|enemy_pikeman@2,cloudy,draw,12044,1739,0,1
champ_aurion@2|enemy_archmagus_imperator,champ_snowpelt_cub@2|enemy_reaver_of_the_reach@2,cloudy,win,7200,2242,0,0
champ_cliffeyrie_eagle|champ_duskstep_marten@2,enemy_field_chaplain|enemy_standard_bearer@3,cloudy,win,7200,2189,0,0
champ_ember_salamander@2|enemy_drained_stalker@3,champ_glacierback_mammoth@2|enemy_grand_marshal@3,cloudy,loss,5431,0,6784,0
champ_coral_colossus@2|enemy_stone_warden@2,champ_torrent_heron@2|enemy_hollowed_wisp@3,cloudy,win,8096,4737,0,0
champ_eclipse_jaguar|champ_goldhide_rhino@2,champ_sunspear_falcon@3|enemy_signal_drummer@2,cloudy,loss,6293,0,3407,0
champ_thunderhoof_colt|enemy_iron_collared_hound@2,enemy_brineblight_berserker|enemy_riflemaster@3,cloudy,loss,4051,0,3469,0
champ_phantom_lynx@3|enemy_shaftmaw@3,enemy_drowned_siren|enemy_heavy_knight@3,cloudy,win,9600,1427,0,0
champ_glacierback_mammoth@2|enemy_riflemaster,enemy_archmagus_imperator@3|enemy_hierarch@2,cloudy,loss,10000,0,3743,0
enemy_cannoneer@2|enemy_frost_sovereign@3,enemy_company_guard@3|enemy_thunder_bull,cloudy,win,8382,5592,0,0
champ_dawnwisp@3|champ_goldhide_rhino@2,enemy_company_captain@3|enemy_inquisitor@3,cloudy,draw,12077,0,902,1
champ_permafrost_walrus@3|enemy_conscript@2,enemy_maw_of_the_drowned|enemy_steam_knight,cloudy,win,5202,1004,0,0
champ_aurion@3|champ_voltmane_jackal,champ_marshghast_boar@3|champ_sunmane_lion,cloudy,draw,12053,2760,0,1
champ_frostquill_porcupine|enemy_cold_iron_yeti@3,enemy_cannoneer|enemy_drowned_siren@2,cloudy,win,5126,5163,0,0
champ_voltmane_jackal@2|enemy_lord_commander@2,enemy_quarry_crawler@3|enemy_spymaster,cloudy,loss,8279,0,646,0
champ_frostquill_porcupine@3|enemy_voltaic_diviner@3,champ_glade_heron@2|enemy_steam_knight@3,cloudy,win,6601,2985,0,0
champ_duskstep_marten@3|champ_glade_heron@2,enemy_dredge_hulk@2|enemy_frost_sovereign,cloudy,draw,12053,1487,0,1
champ_frostquill_porcupine@2|enemy_conscript@3,champ_granite_gorilla|enemy_battlemage@2,cloudy,win,5617,2686,0,0
enemy_conscript@2|enemy_sergeant_at_arms,enemy_drowned_siren@2|enemy_hexblade_officer,cloudy,win,10122,17,0,0
champ_fogveil_moth@3|champ_veldt_pronghorn@3,champ_hollow_elk|enemy_sergeant_at_arms@3,cloudy,win,10640,2932,0,0
champ_duskstep_marten|enemy_maw_of_the_drowned@3,enemy_picket@3|enemy_reaver_of_the_reach,cloudy,win,5061,4159,0,0
champ_iceclaw_lynx|enemy_battlemage@3,enemy_flood_tyrant@3|enemy_thunder_bull,cloudy,loss,6489,0,3825,0
champ_glade_heron@2|enemy_avalanche_engine@3,champ_tempest_eel@2|enemy_powder_sapper@3,cloudy,win,3691,1564,0,0
champ_dawnwisp@3|champ_thunderhide_bison,champ_veilfang_wolf|enemy_riven_frost_wyrm@2,cloudy,loss,7319,0,2694,0
champ_glacierback_mammoth@2|champ_reedbank_otter,champ_wraithorn_stag@3|enemy_maw_of_the_drowned@3,cloudy,loss,6285,0,6458,0
champ_reedbank_otter@3|enemy_drowned_siren,champ_will_o_fawn@3|enemy_cold_iron_yeti@2,cloudy,win,11289,835,0,0
enemy_arcanist@2|enemy_cold_iron_yeti,enemy_company_guard|enemy_storm_tyrant@2,cloudy,win,7200,146,0,0
champ_reedbank_otter@2|enemy_conscript,enemy_picket@3|enemy_signal_drummer,cloudy,loss,6223,0,1119,0
champ_boulderhide_skink@3|champ_sunmane_lion@2,champ_mirage_caracal@3|champ_sunspear_falcon@2,cloudy,loss,4800,0,2599,0
champ_goldcrest_lark@3|enemy_stormhawk@2,champ_voltscale_mamba|enemy_picket@3,cloudy,loss,8044,0,1033,0
enemy_picket|enemy_standard_bearer@3,enemy_shaftmaw@3|enemy_stretcher_hand,cloudy,loss,7294,0,1777,0
champ_aerion|champ_mirage_caracal@3,champ_hoarfrost_owl@2|enemy_pikeman@2,cloudy,win,4800,3865,0,0
champ_springfrog@2|enemy_storm_tyrant@2,champ_veilfang_wolf@2|enemy_company_guard@3,cloudy,draw,12059,0,430,1
champ_dawnwisp@2|enemy_stretcher_hand,champ_fogveil_moth@3|champ_sunspear_falcon@2,cloudy,loss,4052,0,4287,0
champ_permafrost_walrus@3|enemy_blight_lurker,enemy_company_captain@2|enemy_drowned_siren@2,cloudy,win,4800,2418,0,0
champ_umbra@3|enemy_voltaic_diviner@3,champ_will_o_fawn@3|champ_wraithorn_stag@3,cloudy,win,7327,3727,0,0
champ_cliffeyrie_eagle|enemy_spymaster,champ_frostplate_tortoise@2|enemy_iron_collared_hound@2,cloudy,win,7555,1098,0,0
champ_geode_beetle@3|enemy_arcanist,enemy_hexblade_officer@2|enemy_quarried_behemoth@2,cloudy,loss,10476,0,3785,0
champ_iceclaw_lynx@3|champ_wintermoth,champ_veilfang_wolf|enemy_battlemage,cloudy,win,6783,2805,0,0
champ_sunspear_falcon@2|enemy_cold_iron_yeti@3,enemy_drained_stalker@2|enemy_sergeant_at_arms@2,cloudy,win,5743,5562,0,0
champ_frostfang_wolverine@2|enemy_riflemaster@3,champ_voltmane_jackal@2|enemy_pikeman@3,cloudy,win,8666,1962,0,0
enemy_grand_marshal|enemy_inquisitor@3,enemy_riflemaster|enemy_stretcher_hand@3,cloudy,win,5334,3646,0,0
champ_boulderhide_skink@2|enemy_sergeant_at_arms@3,enemy_stone_warden|enemy_veil_lord@2,cloudy,loss,11729,0,2389,0
enemy_arcanist@2|enemy_stormhawk,enemy_heavy_knight@2|enemy_picket@2,cloudy,win,4800,1636,0,0
champ_glade_heron@2|champ_wintermoth@3,champ_permafrost_walrus@3|enemy_hierarch@2,cloudy,loss,7737,0,1316,0
champ_grovekeeper_tapir@2|champ_permafrost_walrus,champ_nightglass_mantis@3|champ_torrent_heron@2,cloudy,loss,7200,0,2355,0
champ_eclipse_jaguar@3|champ_hoarfrost_owl,enemy_cannoneer@2|enemy_stone_warden,cloudy,draw,12000,0,1713,1
champ_aerion|champ_dusk_bat@2,enemy_caged_storm_drake@2|enemy_riven_frost_wyrm,cloudy,loss,9252,0,1403,0
champ_iceclaw_lynx@2|champ_permafrost_walrus,enemy_glacier_goliath|enemy_stone_warden,cloudy,loss,11591,0,1096,0
champ_coral_colossus|enemy_crossbow_levy@2,champ_ember_salamander|enemy_caged_storm_drake@3,cloudy,loss,7200,0,3977,0
enemy_archmagus_imperator@3|enemy_thunder_bull@3,enemy_field_chaplain@2|enemy_shroud_killer@2,cloudy,win,4000,6913,0,0
champ_glade_heron@2|champ_thunderhide_bison@2,enemy_company_captain|enemy_standard_bearer,cloudy,win,5249,2809,0,0
champ_glacierback_mammoth@3|enemy_conscript@2,champ_thunderclap_gorilla@2|enemy_stretcher_hand@3,cloudy,draw,12054,2257,0,1
champ_aerion|enemy_gunslinger@3,champ_marshghast_boar@3|enemy_conscript@2,cloudy,draw,12077,0,648,1
champ_granite_gorilla|enemy_blight_lurker@3,champ_riptide_caiman|enemy_iron_collared_hound@3,cloudy,loss,9208,0,1849,0
enemy_company_guard@2|enemy_glacier_goliath@3,enemy_drained_stalker@2|enemy_stone_warden@3,cloudy,draw,12089,0,5274,1
champ_coral_colossus@3|champ_phantom_lynx@2,champ_umbra@2|enemy_storm_tyrant@3,cloudy,draw,12098,0,1868,1
enemy_cannoneer@2|enemy_inquisitor@2,enemy_crossbow_levy@2|enemy_reaver_of_the_reach@2,cloudy,win,6256,1640,0,0
champ_fogveil_moth@2|enemy_caged_storm_drake@2,champ_umbra@3|champ_will_o_fawn@3,cloudy,loss,6615,0,4352,0
enemy_capture_rig_wolf|enemy_powder_sapper@3,enemy_conscript|enemy_quarried_behemoth,cloudy,win,9824,10,0,0
champ_glade_heron@2|enemy_iron_collared_hound@2,enemy_hierarch|enemy_spymaster,cloudy,win,6044,1910,0,0
champ_borealis|enemy_field_chaplain@2,champ_fogveil_moth|champ_veilfang_wolf@2,cloudy,draw,12017,0,0,1
champ_borealis@2|enemy_capture_rig_wolf,champ_marshghast_boar|champ_voltmane_jackal@2,cloudy,draw,12038,849,0,1
champ_goldcrest_lark@2|champ_voltmane_jackal@3,champ_springfrog@2|champ_thunderhide_bison@2,cloudy,draw,12061,856,0,1
champ_fogveil_moth|champ_marsh_thrush@3,champ_phantom_lynx@3|champ_voltscale_mamba@3,cloudy,loss,7200,0,1714,0
champ_frostplate_tortoise|enemy_crossbow_levy@2,champ_glacierback_mammoth|champ_sparkfly@2,cloudy,loss,10068,0,376,0
champ_mirage_caracal|enemy_slag_sentinel,enemy_field_medic|enemy_gunslinger,cloudy,win,7200,1003,0,0
champ_hollow_elk@3|champ_veilfang_wolf@3,champ_voltmane_jackal|enemy_slag_sentinel,cloudy,win,7078,7644,0,0
champ_coppercrest_stork@2|enemy_drowned_siren,champ_umbra@3|enemy_field_chaplain@3,cloudy,loss,4766,0,6088,0
champ_ember_salamander@3|enemy_steam_knight@3,champ_iceclaw_lynx|enemy_riven_frost_wyrm@3,cloudy,win,9236,925,0,0
champ_frostplate_tortoise@2|enemy_steam_engineer,enemy_riflemaster@2|enemy_shaftmaw@3,cloudy,loss,6000,0,2585,0
champ_dusk_bat@2|enemy_arcanist,champ_ember_salamander@2|enemy_hexblade_officer@2,cloudy,win,7078,884,0,0
champ_dusk_bat@3|enemy_avalanche_engine@3,champ_fogveil_moth|champ_thunderclap_gorilla@3,cloudy,loss,6656,0,2943,0
champ_hoarfrost_owl@3|champ_springfrog@3,champ_marshghast_boar@2|champ_nerei@3,cloudy,draw,12089,0,2260,1
champ_sunspear_falcon@3|enemy_reaver_of_the_reach@3,champ_torrent_heron@3|enemy_slag_sentinel@3,cloudy,win,7200,3499,0,0
enemy_brineblight_berserker@2|enemy_hexblade_officer@2,enemy_field_chaplain@3|enemy_quarry_crawler,cloudy,win,9600,2040,0,0
enemy_pikeman@2|enemy_standard_bearer@3,enemy_signal_drummer@2|enemy_spymaster@2,cloudy,loss,10848,0,1105,0
champ_geode_beetle@2|champ_snowpelt_cub,champ_hollow_elk|enemy_steam_engineer,cloudy,draw,12054,323,0,1
champ_mournhollow|enemy_steam_knight,champ_veldt_pronghorn@3|enemy_sergeant_at_arms,cloudy,loss,8174,0,1174,0
champ_lostlight_wisp|enemy_shaftmaw,enemy_avalanche_engine|enemy_battlemage@2,cloudy,loss,4357,0,997,0
champ_eclipse_jaguar|champ_voltscale_mamba,champ_will_o_fawn|enemy_steam_engineer@2,cloudy,win,4414,1311,0,0
enemy_dredge_hulk@2|enemy_sundered_lord,enemy_pikeman|enemy_quarried_behemoth@3,cloudy,loss,11727,0,6638,0
champ_frostquill_porcupine|enemy_picket,enemy_brineblight_berserker@3|enemy_stretcher_hand@3,cloudy,loss,6307,0,2605,0
champ_hoarfrost_owl|enemy_storm_tyrant,champ_umbra@3|champ_wraithorn_stag@3,cloudy,loss,4414,0,6907,0
champ_coral_colossus|enemy_maw_of_the_drowned@2,enemy_dredge_hulk@3|enemy_powder_sapper@2,cloudy,draw,12085,0,1943,1
champ_coppercrest_stork@3|champ_marshghast_boar@2,enemy_hexblade_officer|enemy_steam_engineer,cloudy,win,10000,3780,0,0
champ_duskstep_marten@2|champ_hollow_elk@3,enemy_frost_sovereign|enemy_heavy_knight@2,cloudy,draw,12058,1734,0,1
champ_frostplate_tortoise@3|enemy_inquisitor@3,enemy_steam_engineer|enemy_stormhawk@2,cloudy,win,4000,4824,0,0
champ_thunderclap_gorilla|enemy_caged_banshee,champ_will_o_fawn@3|enemy_capture_rig_wolf@3,cloudy,loss,8154,0,1289,0
champ_frostfang_wolverine@2|champ_umbra@3,champ_granite_gorilla|enemy_riflemaster@2,cloudy,win,5579,4304,0,0
enemy_caged_banshee@3|enemy_storm_tyrant,enemy_steam_knight@3|enemy_voltaic_diviner,cloudy,loss,8394,0,1617,0
champ_dawnwisp@3|enemy_slag_sentinel@3,enemy_riven_frost_wyrm|enemy_stretcher_hand@3,cloudy,draw,12040,1717,0,1
champ_springfrog|champ_thunderclap_gorilla@2,enemy_riven_frost_wyrm@3|enemy_stone_warden,cloudy,loss,8654,0,5798,0
champ_mirage_caracal@3|champ_permafrost_walrus@2,champ_umbra@3|enemy_archmagus_imperator@3,cloudy,loss,4997,0,6190,0
champ_fogveil_moth@3|enemy_quarry_crawler@2,champ_hollow_elk@2|champ_voltscale_mamba@3,cloudy,win,10857,2117,0,0
champ_frostfang_wolverine@2|champ_wintermoth@2,champ_geode_beetle@2|enemy_dredge_hulk@3,cloudy,draw,12036,0,2271,1
champ_coppercrest_stork@2|enemy_stone_warden@3,champ_will_o_fawn@2|enemy_shroud_killer@2,cloudy,win,4777,9591,0,0
champ_granite_gorilla@2|enemy_riflemaster@3,champ_iceclaw_lynx|enemy_blight_lurker,cloudy,win,5377,4690,0,0
champ_geode_beetle|enemy_hexblade_officer@2,enemy_inquisitor@3|enemy_levyman,cloudy,loss,7333,0,2664,0
champ_goldhide_rhino@3|enemy_stormhawk@2,enemy_sundered_lord@3|enemy_voltaic_diviner@3,cloudy,draw,12112,0,0,1
champ_nerei|enemy_avalanche_engine@3,enemy_powder_sapper@2|enemy_stretcher_hand@3,cloudy,win,3691,2450,0,0
champ_lostlight_wisp@3|champ_mirage_caracal@3,enemy_signal_drummer@2|enemy_veil_lord,cloudy,win,4800,3275,0,0
champ_snowpelt_cub@2|enemy_drained_stalker@3,enemy_avalanche_engine|enemy_stretcher_hand@2,cloudy,win,4800,3604,0,0
champ_riptide_caiman@3|enemy_dredge_hulk@2,champ_thunderclap_gorilla@2|enemy_shaftmaw,cloudy,win,4296,5267,0,0
champ_voltscale_mamba|enemy_standard_bearer@3,enemy_blight_lurker|enemy_picket@2,cloudy,loss,11666,0,1005,0
champ_fogveil_moth|champ_thunderhoof_colt@2,champ_grovekeeper_tapir@2|champ_iceclaw_lynx@2,cloudy,loss,7200,0,2634,0
champ_borealis|enemy_archmagus_imperator@3,enemy_company_guard|enemy_hexblade_officer@3,cloudy,win,9931,3754,0,0
champ_grovekeeper_tapir@2|champ_spectral_heron@3,champ_nightglass_mantis|enemy_sergeant_at_arms,cloudy,win,4800,5359,0,0
champ_mournhollow@3|champ_reedbank_otter@2,champ_wintermoth|enemy_glacier_goliath@3,cloudy,draw,12085,1237,0,1
champ_frostquill_porcupine@3|champ_veldt_pronghorn@2,champ_will_o_fawn|enemy_steam_engineer@3,cloudy,win,4142,4443,0,0
champ_snowpelt_cub@3|enemy_iron_maiden,champ_umbra@3|enemy_flood_tyrant,cloudy,loss,8734,0,4271,0
champ_boulderhide_skink@2|enemy_cold_iron_yeti@3,champ_dusk_bat|enemy_caged_storm_drake@2,cloudy,win,7200,3827,0,0
champ_hollow_elk|enemy_crossbow_levy@2,enemy_dredge_hulk@3|enemy_hierarch@2,cloudy,loss,7334,0,6482,0
champ_frostfang_wolverine|champ_thunderclap_gorilla@2,champ_lostlight_wisp@2|champ_sunspear_falcon@2,cloudy,win,6366,1008,0,0
champ_thunderclap_gorilla|enemy_brineblight_berserker,enemy_drained_stalker|enemy_field_chaplain@3,cloudy,win,8132,1227,0,0
champ_boulderhide_skink@3|champ_reedbank_otter,champ_fogveil_moth@3|enemy_battlemage@3,cloudy,win,8499,0,0,0
champ_lostlight_wisp@2|enemy_company_captain@2,enemy_heavy_knight@3|enemy_iron_collared_hound,cloudy,loss,8363,0,4491,0
champ_coral_colossus@2|enemy_cold_iron_yeti,champ_marsh_thrush|enemy_crossbow_levy@3,cloudy,draw,12049,0,0,1
champ_geode_beetle@2|enemy_maw_of_the_drowned@2,champ_goldhide_rhino|enemy_hollowed_wisp,cloudy,win,11796,1969,0,0
champ_frostplate_tortoise@2|champ_phantom_lynx@3,champ_wraithorn_stag@2|enemy_dredge_hulk@3,cloudy,loss,8462,0,5434,0
champ_snowpelt_cub|enemy_brineblight_berserker@3,enemy_battlemage@3|enemy_heavy_knight@3,cloudy,loss,9600,0,1608,0
champ_coppercrest_stork@2|champ_thunderclap_gorilla@3,champ_grovekeeper_tapir@2|champ_hoarfrost_owl@3,cloudy,win,7487,4488,0,0
champ_duskstep_marten@3|enemy_field_chaplain,enemy_signal_drummer|enemy_standard_bearer,cloudy,win,4800,3326,0,0
champ_dawnwisp@3|enemy_standard_bearer@2,enemy_battlemage@2|enemy_glacier_goliath,cloudy,draw,12056,0,0,1
enemy_company_guard|enemy_iron_collared_hound,enemy_lord_commander@2|enemy_sergeant_at_arms@3,cloudy,loss,6000,0,5190,0
champ_glacierback_mammoth@3|champ_thunderhide_bison,champ_snowpelt_cub@2|champ_torrent_heron@2,cloudy,win,7200,5795,0,0
champ_aegis_tortoise|enemy_shaftmaw@3,champ_sparkfly|enemy_arcanist,cloudy,win,4800,1545,0,0
champ_aurion@3|enemy_arcanist@3,champ_springfrog|enemy_battlemage@3,cloudy,win,2400,6738,0,0
champ_mirewarden_toad@3|enemy_storm_tyrant@2,enemy_company_captain|enemy_powder_sapper@2,cloudy,win,4196,7684,0,0
champ_frostfang_wolverine@2|enemy_stormhawk,enemy_archmagus_imperator@2|enemy_inquisitor@2,cloudy,loss,6000,0,2005,0
champ_hoarfrost_owl@2|champ_sparkfly,champ_thunderhide_bison@3|enemy_conscript,cloudy,loss,6093,0,2622,0
champ_aegis_tortoise@3|champ_fogveil_moth@2,enemy_dredge_hulk@2|enemy_shroud_killer,cloudy,draw,12069,865,0,1
champ_borealis|champ_springfrog@3,champ_hollow_elk@2|champ_permafrost_walrus@3,cloudy,draw,12041,181,0,1
champ_dawnwisp|champ_goldcrest_lark@3,champ_snowpelt_cub@3|enemy_company_captain@2,cloudy,draw,12043,0,2570,1
champ_borealis@2|enemy_caged_banshee@2,enemy_hexblade_officer@2|enemy_maw_of_the_drowned@2,cloudy,win,10800,765,0,0
champ_coppercrest_stork|champ_thunderhoof_colt,champ_coral_colossus@2|champ_nightglass_mantis@2,cloudy,loss,4800,0,3603,0
champ_coral_colossus@2|enemy_flood_tyrant,enemy_caged_banshee|enemy_spymaster@2,cloudy,win,7097,1960,0,0
champ_eclipse_jaguar@2|enemy_inquisitor@3,enemy_hexblade_officer@2|enemy_levyman@3,cloudy,win,9333,2391,0,0
champ_coral_colossus|champ_nightglass_mantis,champ_umbra@3|champ_veilfang_wolf@3,cloudy,loss,4997,0,7668,0
champ_marshghast_boar@3|enemy_sundered_lord@3,champ_will_o_fawn@3|enemy_standard_bearer@3,cloudy,win,6055,9541,0,0
champ_glacierback_mammoth@3|enemy_heavy_knight,enemy_iron_maiden@2|enemy_riflemaster@3,cloudy,draw,12093,0,0,1
champ_coral_colossus@2|champ_granite_gorilla@3,enemy_arcanist|enemy_lord_commander,cloudy,win,8346,3904,0,0
champ_dawnwisp|enemy_steam_knight@3,champ_thunderclap_gorilla@3|enemy_arcanist@3,cloudy,loss,4800,0,5046,0
champ_geode_beetle@3|enemy_slag_sentinel,champ_voltscale_mamba@3|enemy_quarry_crawler,cloudy,loss,9221,0,1389,0
champ_goldhide_rhino|enemy_avalanche_engine@3,champ_sunspear_falcon@2|champ_voltscale_mamba@2,cloudy,win,5380,2160,0,0
champ_aurion@3|enemy_slag_sentinel@3,enemy_hierarch@3|enemy_quarried_behemoth,cloudy,draw,12032,5023,0,1
champ_sunmane_lion@2|enemy_hollowed_wisp@2,enemy_avalanche_engine@3|enemy_gunslinger@3,cloudy,loss,3692,0,3718,0
enemy_brineblight_berserker@3|enemy_drained_stalker,enemy_cannoneer|enemy_crossbow_levy@2,cloudy,win,6000,2241,0,0
champ_mirage_caracal@3|enemy_riven_frost_wyrm@3,champ_thunderhoof_colt|enemy_lord_commander,cloudy,win,3600,6242,0,0
champ_coppercrest_stork|champ_springfrog,champ_mournhollow@2|enemy_steam_engineer@2,cloudy,loss,8342,0,2521,0
champ_eclipse_jaguar@2|champ_wintermoth@3,champ_sparkfly|enemy_stone_warden,cloudy,draw,12077,0,0,1
enemy_field_medic|enemy_veil_lord@3,enemy_frost_sovereign@3|enemy_slag_sentinel@3,cloudy,loss,10800,0,4696,0
champ_fogveil_moth@2|enemy_conscript@2,champ_frostfang_wolverine|enemy_company_guard@2,cloudy,loss,6274,0,2072,0
enemy_caged_storm_drake@3|enemy_hierarch@3,enemy_flood_tyrant@3|enemy_levyman@3,cloudy,draw,12120,0,0,1
champ_sunspear_falcon@3|enemy_crossbow_levy,enemy_arcanist|enemy_shaftmaw@3,cloudy,win,6000,1793,0,0
champ_duskstep_marten@3|enemy_field_chaplain,champ_grovekeeper_tapir|champ_mirewarden_toad,cloudy,draw,12083,234,0,1
enemy_avalanche_engine|enemy_hierarch@2,enemy_capture_rig_wolf|enemy_spymaster@3,cloudy,loss,4800,0,2824,0
champ_eclipse_jaguar@2|champ_goldhide_rhino@2,champ_snowpelt_cub|enemy_steam_engineer,cloudy,win,6744,4273,0,0
champ_cliffeyrie_eagle|champ_hoarfrost_owl@2,champ_lostlight_wisp|enemy_stretcher_hand@3,cloudy,win,7111,2065,0,0
champ_cliffeyrie_eagle@3|enemy_crossbow_levy@3,enemy_sergeant_at_arms@3|enemy_stretcher_hand@3,cloudy,win,6000,5121,0,0
champ_fogveil_moth@2|champ_voltmane_jackal@3,champ_geode_beetle@2|champ_veldt_pronghorn@3,cloudy,win,9317,2718,0,0
enemy_archmagus_imperator@3|enemy_avalanche_engine@2,enemy_brineblight_berserker@2|enemy_pikeman@3,cloudy,win,8666,2543,0,0
champ_dusk_bat@3|enemy_standard_bearer,champ_ember_salamander@3|enemy_stormhawk@2,cloudy,loss,8843,0,1573,0
champ_cliffeyrie_eagle@2|enemy_sergeant_at_arms,champ_iceclaw_lynx|enemy_stretcher_hand@3,cloudy,win,7111,1951,0,0
champ_coral_colossus|enemy_dredge_hulk,champ_wraithorn_stag@3|enemy_drained_stalker@3,cloudy,loss,9499,0,4256,0
champ_boulderhide_skink@2|champ_glade_heron@2,champ_spectral_heron@2|champ_tempest_eel@2,cloudy,win,6673,612,0,0
champ_thunderhoof_colt@2|enemy_stone_warden@3,champ_umbra|enemy_dredge_hulk,cloudy,win,10800,8618,0,0
champ_veilfang_wolf@2|enemy_steam_engineer@3,enemy_avalanche_engine@2|enemy_caged_storm_drake@3,cloudy,loss,7200,0,3399,0
champ_marsh_thrush@2|enemy_thunder_bull@3,enemy_company_guard@3|enemy_riven_frost_wyrm@3,cloudy,draw,12079,0,848,1
champ_permafrost_walrus@2|enemy_dredge_hulk,champ_thunderclap_gorilla@3|enemy_shaftmaw@2,cloudy,loss,6000,0,3584,0
champ_mirewarden_toad@3|champ_will_o_fawn@3,enemy_gunslinger@3|enemy_veil_lord,cloudy,draw,12076,93,0,1
champ_fogveil_moth|enemy_powder_sapper@3,champ_grovekeeper_tapir@2|enemy_iron_collared_hound@2,cloudy,win,9941,905,0,0
champ_frostfang_wolverine@3|enemy_drained_stalker@3,champ_veldt_pronghorn@2|enemy_sundered_lord@2,cloudy,win,5214,3811,0,0
champ_mirewarden_toad@3|enemy_heavy_knight,enemy_caged_banshee|enemy_hollowed_wisp@2,cloudy,win,6260,6446,0,0
champ_goldcrest_lark@3|champ_nightglass_mantis,enemy_grand_marshal@3|enemy_veil_lord@2,cloudy,loss,5431,0,6138,0
champ_marshghast_boar@3|enemy_archmagus_imperator@3,enemy_spymaster@3|enemy_voltaic_diviner@2,cloudy,win,6667,7290,0,0
champ_goldcrest_lark@3|champ_nightglass_mantis,champ_reedbank_otter|enemy_hexblade_officer@3,cloudy,loss,7614,0,2931,0
champ_iceclaw_lynx@3|champ_torrent_heron,champ_thunderhide_bison@2|enemy_levyman@2,cloudy,win,7709,2753,0,0
champ_ember_salamander@2|champ_grovekeeper_tapir,champ_marshghast_boar@2|enemy_drowned_siren,cloudy,draw,12054,0,0,1
champ_eclipse_jaguar|enemy_lord_commander@3,champ_wraithorn_stag|enemy_storm_tyrant@3,cloudy,win,10047,464,0,0
